job_id,function_group,job_kind,purpose,scheduler_result,scheduler_evidence,exit_code,functional_result,scientific_result,scientific_reason,material,workflow_step,workflow_id,partition,node,cpus,memory,gpus,submitted_at,started_at,finished_at,queue_seconds,run_seconds,vasp_wall_seconds,peak_rss_kbytes,stdout_bytes,stderr_bytes,stdout_sha256,stderr_sha256,evidence_files,notes
32598,build_and_release,build,"Build, test, and publish an immutable release",failed,terminal_job_log,nonzero_by_terminal_evidence,failed,not_applicable,,,,,,,,,,,,,,,,,462,0,b3b63103f6214c69ed9fd96b64437caf66c3aa2373867ed8101729eab09d9b49,e3b0c44298fc1c149afbf4c8996fb92427ae41e4649b934ca495991b7852b855,logs/build-32598.out;logs/build-32598.err,base Python executable could not create the required environment
32599,environment_probe,python-diagnostic,Inspect compute-node Python tooling,failed,terminal_job_log,nonzero_by_terminal_evidence,failed,not_applicable,,,,,,,,,,,,,,,,,241,112,a9cd540674678261bf35c743e638aceea8411c5d5fe1a5a800d403675f2a7a57,5df6091de15f20be06f7e5ede70f9ae8c37ec746d4f2fb2a587ddd247055934f,logs/python-diagnostic-32599.out;logs/python-diagnostic-32599.err,compute-node Python diagnostic found pip unavailable
32601,environment_probe,virtualenv-probe,Probe virtual environment creation,cancelled,slurmd_cancellation_record,,cancelled_before_completion,not_applicable,,,,,,anode16,,,,,,2026-08-05T20:01:01.292,,,,,0,120,e3b0c44298fc1c149afbf4c8996fb92427ae41e4649b934ca495991b7852b855,917435156fae471688fe60cf4309fe1d4d8079f0cd4ea010e84de3f8b505779c,logs/virtualenv-probe-32601.out;logs/virtualenv-probe-32601.err,
32604,environment_probe,pip-bootstrap-probe,Probe pip bootstrap,completed,successful_terminal_job_log,0:0_by_terminal_evidence,passed,not_applicable,,,,,,,,,,,,,,,,,129,0,5387ff40f65e48038584fe0b38ffa8306c129aa59faeccd198c5849ff300e862,e3b0c44298fc1c149afbf4c8996fb92427ae41e4649b934ca495991b7852b855,logs/pip-bootstrap-probe-32604.out;logs/pip-bootstrap-probe-32604.err,
32605,environment_probe,module-probe,Probe the site Python module,completed,successful_terminal_job_log,0:0_by_terminal_evidence,passed,not_applicable,,,,,,,,,,,,,,,,,40,0,af4979615f5837b5b218ca02d13dc2c18d7732ea00e5824acd65e4e1b982f94f,e3b0c44298fc1c149afbf4c8996fb92427ae41e4649b934ca495991b7852b855,logs/module-probe-32605.out;logs/module-probe-32605.err,
32608,environment_probe,miniconda-probe,Probe an isolated Miniconda environment,completed,successful_terminal_job_log,0:0_by_terminal_evidence,passed,not_applicable,,,,,,,,,,,,,,,,,119,0,ffaaff530371aa5dbca88a7e57f49997b244069dc4a642287248075cae96990e,e3b0c44298fc1c149afbf4c8996fb92427ae41e4649b934ca495991b7852b855,logs/miniconda-probe-32608.out;logs/miniconda-probe-32608.err,
32642,build_and_release,build,"Build, test, and publish an immutable release",completed,successful_terminal_job_log,0:0_by_terminal_evidence,passed,not_applicable,,,,,,,,,,,,,,,,,62210,5371,ba80d27bd92fa1da15d3cb465d4ebf3a8fb12e90690cd5de6a4cfded2b702918,0a14fc9d039d5bed84b3d22e53125488a98bff292bf7385b02f1d55f2138b3e2,logs/build-32642.out;logs/build-32642.err,
32676,web_service,service,Run the long-lived FastAPI and frontend service,cancelled,slurmd_cancellation_record,,passed_then_controlled_stop,not_applicable,,,,,,anode16,,,,,,2026-08-06T01:24:19.012,,,,,16193,40881,7a24fb4971bc3fd8a95e0f04e0aff01f314cfec7179c074785399d35269f8a10,ad8e92d00fe6b889e943407519b084ef26fb631657d7b0208ac61245b714352c,logs/service-32676.out;logs/service-32676.err,
32757,build_and_release,build,"Build, test, and publish an immutable release",completed,successful_terminal_job_log,0:0_by_terminal_evidence,passed,not_applicable,,,,,,,,,,,,,,,,,39230,5460,a12cf04f1fb169f27753eca6f3a7f2c41a1a4c43d43b6f084c4a4513b7ca0cb2,5e8ab1590534e0a17465ee00fa3e5c30a127c94936f2866cf0c63c84476b3271,logs/build-32757.out;logs/build-32757.err,
32769,web_service,service,Run the long-lived FastAPI and frontend service,cancelled,slurmd_cancellation_record,,passed_then_controlled_stop,not_applicable,,,,,,anode01,,,,,,2026-08-08T11:49:47.403,,,,,4917,728,e7cf0e647a9a97132c74aa8a8bff7fb2e1ddf51bc64ca4762de7d2337cbadbf3,2efe3681da0a134a0f5e6637ebe89a7bae78f8c823469fec437d6e8a2fac857a,logs/service-32769.out;logs/service-32769.err,
33839,build_and_release,build,"Build, test, and publish an immutable release",completed,successful_terminal_job_log,0:0_by_terminal_evidence,passed,not_applicable,,,,,,,,,,,,,,,,,37882,5812,9f88bc5770975afed9f263d32a359dd32f3607cb75cfc7ee4ae21fbf743d60be,dd5d939acaf78dddda1337b89a58cfbbda1d4ee0174eaee8da980357ba5eeb98,logs/build-33839.out;logs/build-33839.err,
33852,web_service,service,Run the long-lived FastAPI and frontend service,cancelled,slurmd_cancellation_record,,passed_then_controlled_stop,not_applicable,,,,,,anode16,,,,,,2026-08-12T11:47:10.010,,,,,10382,762,f76ce663ddc0f27e428ee4abd4f1bb81387d9b2c84f68761fe667e99dc8873c4,1499e1183b6a7d02e04e283165697f6b2efe9bde4f4c2aa88d4ae6613dbcbb03,logs/service-33852.out;logs/service-33852.err,
33979,build_and_release,build,"Build, test, and publish an immutable release",failed,saved_scontrol,1:0,failed,not_applicable,,,,,Students,anode18,4,,,2026-08-08T16:28:09,2026-08-08T16:28:10,2026-08-08T16:28:10,1.0,,,,0,54,e3b0c44298fc1c149afbf4c8996fb92427ae41e4649b934ca495991b7852b855,46d23a7d35544f1006a982da192b5f11be0ac5cb3ef133ff3f53f93ff03adfe5,logs/build-33979.out;logs/build-33979.err,release manifest was missing; failure did not switch current
33998,recovery_and_rollback,rollback-smoke,Exercise isolated release rollback,failed,terminal_job_log,nonzero_by_terminal_evidence,failed,not_applicable,,,,,,,,,,,,,,,,,0,0,e3b0c44298fc1c149afbf4c8996fb92427ae41e4649b934ca495991b7852b855,e3b0c44298fc1c149afbf4c8996fb92427ae41e4649b934ca495991b7852b855,logs/rollback-smoke-33998.out;logs/rollback-smoke-33998.err,rollback drill lacked the synthetic Operator fixture
34001,recovery_and_rollback,rollback-smoke,Exercise isolated release rollback,failed,terminal_job_log,nonzero_by_terminal_evidence,failed,not_applicable,,,,,,,,,,,,,,,,,0,0,e3b0c44298fc1c149afbf4c8996fb92427ae41e4649b934ca495991b7852b855,e3b0c44298fc1c149afbf4c8996fb92427ae41e4649b934ca495991b7852b855,logs/rollback-smoke-34001.out;logs/rollback-smoke-34001.err,controlled termination status was propagated by the rollback drill
34005,recovery_and_rollback,rollback-smoke,Exercise isolated release rollback,completed,saved_scontrol,0:0,passed,not_applicable,,,,,P107-A100,anode16,2,,,2026-08-08T17:02:14,2026-08-08T17:02:15,2026-08-08T17:02:18,1.0,3,,,84,0,1ef4a7d0ffd8d578e3aeb34b2d406f9898bad2b51c9cfb7c9a7a0913ac80fb5f,e3b0c44298fc1c149afbf4c8996fb92427ae41e4649b934ca495991b7852b855,logs/rollback-smoke-34005.out;logs/rollback-smoke-34005.err,
34039,access_and_roles,viewer-baseline,Run Viewer baseline authorization tests,completed,successful_terminal_job_log,0:0_by_terminal_evidence,passed,not_applicable,,,,,,,,,,,,,,,,,0,3548,e3b0c44298fc1c149afbf4c8996fb92427ae41e4649b934ca495991b7852b855,fb399ff7b450fd6b8d6154f232405f506d79eed6de85faf0fc34ceab00a995c6,logs/viewer-baseline-34039.out;logs/viewer-baseline-34039.err,
34040,access_and_roles,viewer-tests,Run Viewer authorization tests,completed,successful_terminal_job_log,0:0_by_terminal_evidence,passed,not_applicable,,,,,,,,,,,,,,,,,0,4394,e3b0c44298fc1c149afbf4c8996fb92427ae41e4649b934ca495991b7852b855,48a8319ec7ac1aeef1da5f8908a013ef373ab706a7818978210e45d5414fc338,logs/viewer-tests-34040.out;logs/viewer-tests-34040.err,
34041,access_and_roles,provision-viewer,Provision the Demo Viewer identity,completed,successful_terminal_job_log,0:0_by_terminal_evidence,passed,not_applicable,,,,,,,,,,,,,,,,,0,0,e3b0c44298fc1c149afbf4c8996fb92427ae41e4649b934ca495991b7852b855,e3b0c44298fc1c149afbf4c8996fb92427ae41e4649b934ca495991b7852b855,logs/provision-viewer-34041.out;logs/provision-viewer-34041.err,
34045,access_and_roles,viewer-tests,Run Viewer authorization tests,completed,successful_terminal_job_log,0:0_by_terminal_evidence,passed,not_applicable,,,,,,,,,,,,,,,,,0,4592,e3b0c44298fc1c149afbf4c8996fb92427ae41e4649b934ca495991b7852b855,b1fa5cbac0d98f9fc3009e69af701648e86bcc78bee10c04785920addb641384,logs/viewer-tests-34045.out;logs/viewer-tests-34045.err,
34046,access_and_roles,provision-viewer,Provision the Demo Viewer identity,completed,successful_terminal_job_log,0:0_by_terminal_evidence,passed,not_applicable,,,,,,,,,,,,,,,,,0,0,e3b0c44298fc1c149afbf4c8996fb92427ae41e4649b934ca495991b7852b855,e3b0c44298fc1c149afbf4c8996fb92427ae41e4649b934ca495991b7852b855,logs/provision-viewer-34046.out;logs/provision-viewer-34046.err,
34062,access_and_roles,operator-acceptance-test,Run Operator and Viewer authorization acceptance tests,completed,saved_scontrol,0:0,passed,not_applicable,,,,,Students,anode20,1,,,2026-08-08T21:32:43,2026-08-08T21:32:44,2026-08-08T21:32:56,1.0,12,,,0,2270,e3b0c44298fc1c149afbf4c8996fb92427ae41e4649b934ca495991b7852b855,256097b84d38068ce1c6684518049f9757b2be8f969d4b4227b698d382007620,logs/operator-acceptance-test-34062.out;logs/operator-acceptance-test-34062.err,
36592,snapshot_and_provenance,preview-snapshot,"Capture database, release, service, and scheduler evidence",failed,terminal_job_log,nonzero_by_terminal_evidence,failed,not_applicable,,,,,,,,,,,,,,,,,0,238,e3b0c44298fc1c149afbf4c8996fb92427ae41e4649b934ca495991b7852b855,8c6aa7d6d43e761b1489910bea2e0d119dfd8b30a76075e92e5a9a4b7d7607da,logs/preview-snapshot-36592.out;logs/preview-snapshot-36592.err,snapshot could not obtain the expected scheduler evidence
36596,snapshot_and_provenance,preview-snapshot,"Capture database, release, service, and scheduler evidence",failed,terminal_job_log,nonzero_by_terminal_evidence,failed,not_applicable,,,,,,,,,,,,,,,,,0,89,e3b0c44298fc1c149afbf4c8996fb92427ae41e4649b934ca495991b7852b855,1f17a2ba35cc97d345946bb5344414c5dcb86dac8c4101b2881f524825367be3,logs/preview-snapshot-36596.out;logs/preview-snapshot-36596.err,snapshot could not reach the target service
36597,web_service,service,Run the long-lived FastAPI and frontend service,cancelled,slurmd_cancellation_record,,passed_then_controlled_stop,not_applicable,,,,,,anode01,,,,,,2026-08-14T17:24:43.110,,,,,4799,728,4a0dbaa239f29b1ace91c4e4baebb7dec6ed6091d41fe4c0b3e271314fc68c77,6e75a4e1a833cc175c8b364b4f803e85add771213640416dae894d555ec811a5,logs/service-36597.out;logs/service-36597.err,
36608,snapshot_and_provenance,preview-snapshot,"Capture database, release, service, and scheduler evidence",completed,successful_terminal_job_log,0:0_by_terminal_evidence,passed,not_applicable,,,,,,,,,,,,,,,,,521,0,8846bb313f80913c96479c0030498d429a4ca2936d9d7ef32c23dba5cc233db8,e3b0c44298fc1c149afbf4c8996fb92427ae41e4649b934ca495991b7852b855,logs/preview-snapshot-36608.out;logs/preview-snapshot-36608.err,
36611,build_and_release,preview-build,Build an isolated frontend preview,completed,successful_terminal_job_log,0:0_by_terminal_evidence,passed,not_applicable,,,,,,,,,,,,,,,,,67768,9427,7b1c680428597ae59a26b5b53fcbfb1c62868d208805ff464a5bd6bec604d9fe,943d577fa19d3cff6634d925af14caeed9c606600a770d18965deddba9e92acb,logs/preview-build-36611.out;logs/preview-build-36611.err,
36612,web_service,preview-service,Run an isolated frontend preview service,cancelled,slurmd_cancellation_record,,passed_then_controlled_stop,not_applicable,,,,,,anode01,,,,,,2026-08-12T13:04:16.798,,,,,41404,728,1b587eff80126d2c6f4bedbfd4a76a2f5a626095a09675e08379c41ca644d7a8,ad1d0b9bf23b17dfb8e821e02b5a2a8b10935b1d4dc054164f359c24c701a7e9,logs/preview-service-36612.out;logs/preview-service-36612.err,
36627,snapshot_and_provenance,preview-snapshot,"Capture database, release, service, and scheduler evidence",completed,successful_terminal_job_log,0:0_by_terminal_evidence,passed,not_applicable,,,,,,,,,,,,,,,,,953,0,3cfd5fb5fce55399fda62ea97cf4f6992d475d3e069992a4b5d5a59ccaaaff1e,e3b0c44298fc1c149afbf4c8996fb92427ae41e4649b934ca495991b7852b855,logs/preview-snapshot-36627.out;logs/preview-snapshot-36627.err,
36637,snapshot_and_provenance,preview-snapshot,"Capture database, release, service, and scheduler evidence",completed,successful_terminal_job_log,0:0_by_terminal_evidence,passed,not_applicable,,,,,,,,,,,,,,,,,521,0,7986324c4144bf133a648d0bfc59e0593b1b6a3d57cdfad8e132932f735a608b,e3b0c44298fc1c149afbf4c8996fb92427ae41e4649b934ca495991b7852b855,logs/preview-snapshot-36637.out;logs/preview-snapshot-36637.err,
36638,build_and_release,preview-build,Build an isolated frontend preview,completed,successful_terminal_job_log,0:0_by_terminal_evidence,passed,not_applicable,,,,,,,,,,,,,,,,,67799,9427,95ef7112a33275923fc45b860aa8fd8c6e0de6e7f1ff8107e5a3c6c9b468e2e8,6e32b5e772c78ba74fa8210006ec0d0cffe87ab8d26029c8a7fac071192c3375,logs/preview-build-36638.out;logs/preview-build-36638.err,
36641,web_service,preview-service,Run an isolated frontend preview service,cancelled,slurmd_cancellation_record,,passed_then_controlled_stop,not_applicable,,,,,,anode01,,,,,,2026-08-12T14:25:43.648,,,,,34341,728,9d2f4b667a2cb2405d9bdea2c92520a69ed5518a610c8d630cd78e53ac138f34,0a70da004c677400d556121f321ac9f77f2bd7800f0556202ba4230bdf5cd88e,logs/preview-service-36641.out;logs/preview-service-36641.err,
36653,snapshot_and_provenance,preview-snapshot,"Capture database, release, service, and scheduler evidence",completed,successful_terminal_job_log,0:0_by_terminal_evidence,passed,not_applicable,,,,,,,,,,,,,,,,,953,0,7deee664b22132b50add87ff21494e856d7d9c9ef9d530c6e53b8bb0e2e7e404,e3b0c44298fc1c149afbf4c8996fb92427ae41e4649b934ca495991b7852b855,logs/preview-snapshot-36653.out;logs/preview-snapshot-36653.err,
36654,web_service,preview-service,Run an isolated frontend preview service,cancelled,slurmd_cancellation_record,,passed_then_controlled_stop,not_applicable,,,,,,anode01,,,,,,2026-08-14T14:30:02.009,,,,,20038,721,5be5036797db57bb36d4163daf577fa52332fe5c6ab03cb4802b206852451950,6a6d5d98c9536191de7fa1e9279d7521a6d7b1261c7836672665f2757a0d75b7,logs/preview-service-36654.out;logs/preview-service-36654.err,
37390,snapshot_and_provenance,preview-snapshot,"Capture database, release, service, and scheduler evidence",completed,successful_terminal_job_log,0:0_by_terminal_evidence,passed,not_applicable,,,,,,,,,,,,,,,,,521,0,966961d72385c99573617d6f7b5cdc60da09ba1c67e01d0120c630f88c783e27,e3b0c44298fc1c149afbf4c8996fb92427ae41e4649b934ca495991b7852b855,logs/preview-snapshot-37390.out;logs/preview-snapshot-37390.err,
37391,build_and_release,workflow-preview-build,Build an isolated workflow frontend preview,failed,terminal_job_log,nonzero_by_terminal_evidence,failed,not_applicable,,,,,,,,,,,,,,,,,26747,2860,800af5b06838e1db332ffe4ecd2203bfb971ba726ab51b212f6978f262d48d71,71d16ecd75f6b6f9685ef547cdcb887fda77ade0c935e2267a09acfab82266d8,logs/workflow-preview-build-37391.out;logs/workflow-preview-build-37391.err,workflow preview build stopped before the release verification marker
37394,snapshot_and_provenance,preview-snapshot,"Capture database, release, service, and scheduler evidence",completed,successful_terminal_job_log,0:0_by_terminal_evidence,passed,not_applicable,,,,,,,,,,,,,,,,,521,0,25f29d0fb4843e22d3aba7b3296f5f9ca1bb552f4e8941a0eab489d601352f60,e3b0c44298fc1c149afbf4c8996fb92427ae41e4649b934ca495991b7852b855,logs/preview-snapshot-37394.out;logs/preview-snapshot-37394.err,
37395,build_and_release,workflow-preview-build,Build an isolated workflow frontend preview,completed,successful_terminal_job_log,0:0_by_terminal_evidence,passed,not_applicable,,,,,,,,,,,,,,,,,73041,40885,fbacc2f18563e03dd85340ebbd150e19d4c1bf173cb271df76b6d3cba63f9bba,8592aa9721d600c6f12aa2547968fcd3bb7b7fb6c20200421a554394bbeea242,logs/workflow-preview-build-37395.out;logs/workflow-preview-build-37395.err,
37397,web_service,workflow-preview-service,Run an isolated workflow preview service,cancelled,slurmd_cancellation_record,,passed_then_controlled_stop,not_applicable,,,,,,anode01,,,,,,2026-08-14T05:34:00.052,,,,,33032,827,2c0a434173246b87be26b62573e9e399ba0582f925da9607c8b8514168a3e0ac,06b1403163ebdb63736cca1c417038c5ee5b83bb3fd787c7b12c00c10f2af1b7,logs/workflow-preview-service-37397.out;logs/workflow-preview-service-37397.err,
37593,snapshot_and_provenance,preview-snapshot,"Capture database, release, service, and scheduler evidence",completed,successful_terminal_job_log,0:0_by_terminal_evidence,passed,not_applicable,,,,,,,,,,,,,,,,,521,0,9838c983e65d916c023102a00e42b7605532f53460100e97aa7e83c77d2fd907,e3b0c44298fc1c149afbf4c8996fb92427ae41e4649b934ca495991b7852b855,logs/preview-snapshot-37593.out;logs/preview-snapshot-37593.err,
37594,build_and_release,workflow-preview-build,Build an isolated workflow frontend preview,completed,successful_terminal_job_log,0:0_by_terminal_evidence,passed,not_applicable,,,,,,,,,,,,,,,,,77883,41057,210e7a378061f973d7a6396f4b23b3e1902bfdf18f91b0b115ceb3e729d933a7,8bf78747b1d1a543ebd6b90c53d75d6c9008c2d4f1c9872a21d5b36646db0130,logs/workflow-preview-build-37594.out;logs/workflow-preview-build-37594.err,
37597,web_service,workflow-preview-service,Run an isolated workflow preview service,cancelled,slurmd_cancellation_record,,passed_then_controlled_stop,not_applicable,,,,,,anode01,,,,,,2026-08-14T14:04:24.468,,,,,52304,834,58a8334966275dcaf036b209c3c4bd71657f5eef9f453aeea9ff8904a07cf1cd,344bb1caeb06ff93baef3ae7ae778a3298a17330721bf3141bc60c4219a26eec,logs/workflow-preview-service-37597.out;logs/workflow-preview-service-37597.err,
37608,snapshot_and_provenance,preview-snapshot,"Capture database, release, service, and scheduler evidence",completed,successful_terminal_job_log,0:0_by_terminal_evidence,passed,not_applicable,,,,,,,,,,,,,,,,,953,0,4714e3a156981b0f753a5d72ee97011307366b66fc195e5903d536832125c756,e3b0c44298fc1c149afbf4c8996fb92427ae41e4649b934ca495991b7852b855,logs/preview-snapshot-37608.out;logs/preview-snapshot-37608.err,
37611,web_service,workflow-preview-service,Run an isolated workflow preview service,cancelled,slurmd_cancellation_record,,passed_then_controlled_stop,not_applicable,,,,,,anode01,,,,,,2026-08-14T14:16:38.688,,,,,40761,834,8bd10f544d20c6c8cce134a34cc353bcdd2315a676401398f0a9474c678dee0f,667f879a31c4b2d686d385af3cf5fd266ab4753cc4c80909778b04dc526e3b11,logs/workflow-preview-service-37611.out;logs/workflow-preview-service-37611.err,
37614,snapshot_and_provenance,preview-snapshot,"Capture database, release, service, and scheduler evidence",completed,successful_terminal_job_log,0:0_by_terminal_evidence,passed,not_applicable,,,,,,,,,,,,,,,,,953,0,96da2f3c2b890ec6cb4b888af22ed1bd21a8d4186e78ebf5e5a5486605cb19f6,e3b0c44298fc1c149afbf4c8996fb92427ae41e4649b934ca495991b7852b855,logs/preview-snapshot-37614.out;logs/preview-snapshot-37614.err,
37678,snapshot_and_provenance,preview-snapshot,"Capture database, release, service, and scheduler evidence",completed,successful_terminal_job_log,0:0_by_terminal_evidence,passed,not_applicable,,,,,,,,,,,,,,,,,521,0,7a6c91f36dc7fdd4d74d9480514a0c04ee0c37b129150ab8f50657f4fb166017,e3b0c44298fc1c149afbf4c8996fb92427ae41e4649b934ca495991b7852b855,logs/preview-snapshot-37678.out;logs/preview-snapshot-37678.err,
37681,build_and_release,workflow-preview-build,Build an isolated workflow frontend preview,completed,successful_terminal_job_log,0:0_by_terminal_evidence,passed,not_applicable,,,,,,,,,,,,,,,,,77922,41057,52046683bdf37378b204a99dfcdb38f0debfe2c3d1b49366dc8e9683977d9234,5810907d88fd4569a8c32d6f717c2f0654b83bceaedd26133cc82d6850df7bee,logs/workflow-preview-build-37681.out;logs/workflow-preview-build-37681.err,
37683,web_service,workflow-preview-service,Run an isolated workflow preview service,cancelled,slurmd_cancellation_record,,passed_then_controlled_stop,not_applicable,,,,,,anode01,,,,,,2026-08-14T16:39:56.623,,,,,53921,834,e631091081e803d9f53314714750907a11e47fa587e4ebc34783314fd5c9a1e7,58c9965d98b375549cb7c3d57b6ec60cd13ebb559048c68a6a5f4952b3acabc0,logs/workflow-preview-service-37683.out;logs/workflow-preview-service-37683.err,
37689,build_and_release,build,"Build, test, and publish an immutable release",failed,terminal_job_log,nonzero_by_terminal_evidence,failed,not_applicable,,,,,,,,,,,,,,,,,17033,13410,fc5c57586d48ba612d7e11b4b52849e35867e051ee6bd76a300a40227e417ae4,d46c2ea0ed460ded595bbd38fd00b96da182e92893d3d438afc7806d4c5b797b,logs/build-37689.out;logs/build-37689.err,backend build tests failed
37703,snapshot_and_provenance,preview-snapshot,"Capture database, release, service, and scheduler evidence",completed,successful_terminal_job_log,0:0_by_terminal_evidence,passed,not_applicable,,,,,,,,,,,,,,,,,521,0,54c278fcfe1311ddadb2d12db70a4e3c567f38d066391390c9bbef99b463f142,e3b0c44298fc1c149afbf4c8996fb92427ae41e4649b934ca495991b7852b855,logs/preview-snapshot-37703.out;logs/preview-snapshot-37703.err,
37704,build_and_release,workflow-preview-build,Build an isolated workflow frontend preview,completed,successful_terminal_job_log,0:0_by_terminal_evidence,passed,not_applicable,,,,,,,,,,,,,,,,,77916,41057,2fdeebeb0f9a18765c319a44e0eb354511b8e6e8e399ad3c85e6a704f458e0e7,12849aec5707ae5de218e3098aac13316aa060393af2bb118e2ac8956f0cfd29,logs/workflow-preview-build-37704.out;logs/workflow-preview-build-37704.err,
37707,web_service,workflow-preview-service,Run an isolated workflow preview service,cancelled,slurmd_cancellation_record,,passed_then_controlled_stop,not_applicable,,,,,,anode01,,,,,,2026-08-14T17:25:43.543,,,,,45162,834,c8f2b4a48ef1f29abdd219436e385b5194211b9c9a04ae56734f087202d53bfc,1665c9078c36e12166c732ac39fe19302f6bfe7ee008db9a3b778901947daa64,logs/workflow-preview-service-37707.out;logs/workflow-preview-service-37707.err,
37711,build_and_release,build,"Build, test, and publish an immutable release",completed,successful_terminal_job_log,0:0_by_terminal_evidence,passed,not_applicable,,,,,,,,,,,,,,,,,67944,10979,da45d3f2f4213c7855d75f23390e4916eb43e26b76e474e27631ef11cf3bb3b8,9ef815391cac4653164dc4240fe3a3a2d92cdd9e1a1c1db9152446327a52ebe4,logs/build-37711.out;logs/build-37711.err,
37713,web_service,service,Run the long-lived FastAPI and frontend service,failed,terminal_job_log,nonzero_by_terminal_evidence,failed,not_applicable,,,,,,,,,,,,,,,,,47,679,74837bb3b4d65b9d52f22a14437d523f3616618ca62e4cb323302f1851fae590,ad7d726590202f1842d961ea3e06fc1227736427719657fecfdb381fafb6385e,logs/service-37713.out;logs/service-37713.err,candidate service was allocated to a node whose port was already in use
37715,web_service,service,Run the long-lived FastAPI and frontend service,cancelled,slurmd_cancellation_record,,passed_then_controlled_stop,not_applicable,,,,,,anode02,,,,,,2026-08-18T17:22:10.048,,,,,8286,721,ad2b607764939d7aae14529299355a8ed48538de1fa4e9ce4d9d684b76da7f22,aaec0a14cbe4b2aaafaa2da5166cae39e57aeb8ca70365342ca1cd2a1dfeac23,logs/service-37715.out;logs/service-37715.err,
37718,snapshot_and_provenance,preview-snapshot,"Capture database, release, service, and scheduler evidence",completed,successful_terminal_job_log,0:0_by_terminal_evidence,passed,not_applicable,,,,,,,,,,,,,,,,,521,0,fec3c46e515f6523b7e80694301dfdd72a6521f8aa6298094b7e67990532aa94,e3b0c44298fc1c149afbf4c8996fb92427ae41e4649b934ca495991b7852b855,logs/preview-snapshot-37718.out;logs/preview-snapshot-37718.err,
38592,snapshot_and_provenance,preview-snapshot,"Capture database, release, service, and scheduler evidence",completed,successful_terminal_job_log,0:0_by_terminal_evidence,passed,not_applicable,,,,,,,,,,,,,,,,,521,0,b3461ac47f89208a1b3d78270c6a847c832880e0efbcf41e82a38a4d9331a919,e3b0c44298fc1c149afbf4c8996fb92427ae41e4649b934ca495991b7852b855,logs/preview-snapshot-38592.out;logs/preview-snapshot-38592.err,
38593,build_and_release,build,"Build, test, and publish an immutable release",completed,successful_terminal_job_log,0:0_by_terminal_evidence,passed,not_applicable,,,,,,,,,,,,,,,,,69664,47533,95d5bd36f4a28f72ef48d02c6d7bae599b8cbc512e5e8ddf4e8535b45c79e690,a5b08077402f9c29725d9721b0ba8b9ab31ea48a5ffb6ceb8967c62887ba293f,logs/build-38593.out;logs/build-38593.err,
38598,slurm_adapter,stage6-smoke,Exercise the real Slurm adapter,failed,terminal_job_log,nonzero_by_terminal_evidence,failed,not_applicable,,,,,,,,,,,,,,,,,0,42,e3b0c44298fc1c149afbf4c8996fb92427ae41e4649b934ca495991b7852b855,36d0f6242943582f438e2bc061f49b0bb9abeb448eac151ae7f7a6c6766a64c3,logs/stage6-smoke-38598.out;logs/stage6-smoke-38598.err,Stage 6 smoke could not resolve the release backend from the Slurm spool
38620,snapshot_and_provenance,preview-snapshot,"Capture database, release, service, and scheduler evidence",completed,successful_terminal_job_log,0:0_by_terminal_evidence,passed,not_applicable,,,,,,,,,,,,,,,,,521,0,41feb3c345c82a28f7c31e282bc749e93e02f90244834a0045f7884aa9da5870,e3b0c44298fc1c149afbf4c8996fb92427ae41e4649b934ca495991b7852b855,logs/preview-snapshot-38620.out;logs/preview-snapshot-38620.err,
38621,build_and_release,build,"Build, test, and publish an immutable release",completed,successful_terminal_job_log+project_evidence_document,0:0_by_terminal_evidence,passed,not_applicable,,,,,,,,,,,,,,42,,,69634,47756,fc74bd911436f13e75ae251163f739f873cdbf292a17850eec04cb5e047e3bed,f86c55408cc0ef62dd215f49560102261da2fde238d5cd9a92b9461540396042,logs/build-38621.out;logs/build-38621.err,
38623,slurm_adapter,stage6-smoke,Exercise the real Slurm adapter,completed,successful_terminal_job_log+project_evidence_document,0:0_by_terminal_evidence,passed,not_applicable,,,,,,,,,,,,,,8,,,0,0,e3b0c44298fc1c149afbf4c8996fb92427ae41e4649b934ca495991b7852b855,e3b0c44298fc1c149afbf4c8996fb92427ae41e4649b934ca495991b7852b855,logs/stage6-smoke-38623.out;logs/stage6-smoke-38623.err,
38625,slurm_adapter,stage6-child-probe,Real successful Slurm adapter probe,completed,saved_scontrol_json,0:0,passed,not_applicable,,,,,P107-RTX5090,anode01,1,256M,0,2026-08-16T10:30:07+00:00,2026-08-16T10:30:07+00:00,2026-08-16T10:30:08+00:00,0,1,,,,,,,evidence/stage6/job-38623/scheduler/success-scontrol.stdout;evidence/stage6/job-38623/summary.json,Stage 6 child job; not duplicated in root logs
38626,slurm_adapter,stage6-child-probe,Intentional nonzero-exit Slurm adapter probe,failed,saved_scontrol_json,42:0,expected_failure_observed,not_applicable,,,,,P107-RTX5090,anode01,1,256M,0,2026-08-16T10:30:08+00:00,2026-08-16T10:30:11+00:00,2026-08-16T10:30:11+00:00,3,0,,,,,,,evidence/stage6/job-38623/scheduler/fail-scontrol.stdout;evidence/stage6/job-38623/summary.json,Stage 6 child job; not duplicated in root logs
38627,slurm_adapter,stage6-child-probe,Owned-job cancellation probe,cancelled,saved_scontrol_json,0:0,expected_cancellation_observed,not_applicable,,,,,P107-RTX5090,,1,256M,0,2026-08-16T10:30:11+00:00,2026-08-16T10:30:12+00:00,2026-08-16T10:30:12+00:00,1,0,,,,,,,evidence/stage6/job-38623/scheduler/cancel-scontrol.stdout;evidence/stage6/job-38623/summary.json,Stage 6 child job; not duplicated in root logs
38628,slurm_adapter,stage6-child-probe,Non-owned cancellation rejection control,cancelled,saved_scontrol_json,0:0,ownership_rejection_observed_then_harness_cleanup,not_applicable,,,,,P107-RTX5090,,1,256M,0,2026-08-16T10:30:12+00:00,2026-08-16T10:30:12+00:00,2026-08-16T10:30:12+00:00,0,0,,,,,,,evidence/stage6/job-38623/scheduler/foreign-scontrol.stdout;evidence/stage6/job-38623/summary.json,Stage 6 child job; not duplicated in root logs
38629,snapshot_and_provenance,preview-snapshot,"Capture database, release, service, and scheduler evidence",completed,successful_terminal_job_log,0:0_by_terminal_evidence,passed,not_applicable,,,,,,,,,,,,,,,,,521,0,8f522dd4c8b950cb14199cabbe384d4f58aaa745695f2a85e07d64d54f371e80,e3b0c44298fc1c149afbf4c8996fb92427ae41e4649b934ca495991b7852b855,logs/preview-snapshot-38629.out;logs/preview-snapshot-38629.err,
39370,web_service,service,Run the long-lived FastAPI and frontend service,cancelled,slurmd_cancellation_record,,passed_then_controlled_stop,not_applicable,,,,,,anode02,,,,,,2026-08-19T17:37:59.304,,,,,3335,728,9bab7a4db56343bd0d3042587f1ddc8033deda10bb76b18880cd4d5048abea4d,f049ec73f7f0efa0f5a3befd69f92deaf67de2022cc78c77b863c66b149eddfb,logs/service-39370.out;logs/service-39370.err,
39372,snapshot_and_provenance,preview-snapshot,"Capture database, release, service, and scheduler evidence",completed,successful_terminal_job_log,0:0_by_terminal_evidence,passed,not_applicable,,,,,,,,,,,,,,,,,521,0,0a4952f6ea775dbe4b0b84dbb09ce3008cebfaea0861d46a9af510d353c00ac8,e3b0c44298fc1c149afbf4c8996fb92427ae41e4649b934ca495991b7852b855,logs/preview-snapshot-39372.out;logs/preview-snapshot-39372.err,
39373,vasp_preflight,stage7-preflight,Verify VASP and VASPKIT prerequisites,completed,successful_terminal_job_log,0:0_by_terminal_evidence,passed,not_applicable,,,,,,,,,,,,,,,,,1204,0,5d488563e55df7386bf04545e2e4322f4e2ea7b4d91fd3c13721f9a2fdb83af8,e3b0c44298fc1c149afbf4c8996fb92427ae41e4649b934ca495991b7852b855,logs/stage7-preflight-39373.out;logs/stage7-preflight-39373.err,
39382,snapshot_and_provenance,preview-snapshot,"Capture database, release, service, and scheduler evidence",completed,successful_terminal_job_log,0:0_by_terminal_evidence,passed,not_applicable,,,,,,,,,,,,,,,,,521,0,04930f75fb336dce235f21cd2f27b8dea158ac3a4334ca1d89d1b8305a80567c,e3b0c44298fc1c149afbf4c8996fb92427ae41e4649b934ca495991b7852b855,logs/preview-snapshot-39382.out;logs/preview-snapshot-39382.err,
39383,vasp_preflight,stage7-preflight,Verify VASP and VASPKIT prerequisites,completed,successful_terminal_job_log,0:0_by_terminal_evidence,passed,not_applicable,,,,,,,,,,,,,,,,,1204,0,5d488563e55df7386bf04545e2e4322f4e2ea7b4d91fd3c13721f9a2fdb83af8,e3b0c44298fc1c149afbf4c8996fb92427ae41e4649b934ca495991b7852b855,logs/stage7-preflight-39383.out;logs/stage7-preflight-39383.err,
40038,snapshot_and_provenance,preview-snapshot,"Capture database, release, service, and scheduler evidence",completed,successful_terminal_job_log,0:0_by_terminal_evidence,passed,not_applicable,,,,,,,,,,,,,,,,,521,0,0e4eef49ed5aa9e0f662b5cd890c9d3c17d4a00583186f74b9e6ec7beeaf8687,e3b0c44298fc1c149afbf4c8996fb92427ae41e4649b934ca495991b7852b855,logs/preview-snapshot-40038.out;logs/preview-snapshot-40038.err,
40039,vasp_preflight,stage7-preflight,Verify VASP and VASPKIT prerequisites,completed,successful_terminal_job_log,0:0_by_terminal_evidence,passed,not_applicable,,,,,,,,,,,,,,,,,1418,0,01a36f1caf5bf71296ffcd5a018bcd277259b8ede01e97f7626d30a9b764fc9f,e3b0c44298fc1c149afbf4c8996fb92427ae41e4649b934ca495991b7852b855,logs/stage7-preflight-40039.out;logs/stage7-preflight-40039.err,
40052,snapshot_and_provenance,preview-snapshot,"Capture database, release, service, and scheduler evidence",completed,successful_terminal_job_log,0:0_by_terminal_evidence,passed,not_applicable,,,,,,,,,,,,,,,,,521,0,5da7bc7477ce7df365abd77aebc03d8f08e98818b3edc1bc40fad47314800534,e3b0c44298fc1c149afbf4c8996fb92427ae41e4649b934ca495991b7852b855,logs/preview-snapshot-40052.out;logs/preview-snapshot-40052.err,
40053,build_and_release,build,"Build, test, and publish an immutable release",failed,terminal_job_log,nonzero_by_terminal_evidence,failed,not_applicable,,,,,,,,,,,,,,,,,16884,168826,6df49f4b29469e2af645f488fb55ab461fef8d6cd90ab0bdb80680d0c3f118b2,a94d4aadd97b9e29da6017e2ce54215de7f72ba73328555ac3c43816f9f3b0c1,logs/build-40053.out;logs/build-40053.err,backend build tests failed
40054,slurm_diagnostic,memfd-probe,Probe memfd submission-script handling,failed,terminal_job_log,nonzero_by_terminal_evidence,failed,not_applicable,,,,,,,,,,,,,,,,,461,471,ee5ed4bc73debe70484f7f3d32fac41384d6e64f5b5f3dea762b49e93d1a0429,0cd18113dde6ea25223065e8c280e34e537ac24a1bf3222ac1df6010d51f9eee,logs/memfd-probe-40054.out;logs/memfd-probe-40054.err,memfd probe could not recover the submission-script snapshot
40055,slurm_diagnostic,otmpfile-probe,Probe O_TMPFILE submission-script handling,completed,successful_terminal_job_log,0:0_by_terminal_evidence,passed,not_applicable,,,,,,,,,,,,,,,,,206,0,92cdb7e08398c9fe5cef2899145a3da7a2c0dd011bfd5d7f3f570a2657f4bd53,e3b0c44298fc1c149afbf4c8996fb92427ae41e4649b934ca495991b7852b855,logs/otmpfile-probe-40055.out;logs/otmpfile-probe-40055.err,
40057,snapshot_and_provenance,preview-snapshot,"Capture database, release, service, and scheduler evidence",completed,successful_terminal_job_log,0:0_by_terminal_evidence,passed,not_applicable,,,,,,,,,,,,,,,,,521,0,5a98909255a7995b7cfdb96e8aa24ed6ceee95001d8c02794c916f112642345b,e3b0c44298fc1c149afbf4c8996fb92427ae41e4649b934ca495991b7852b855,logs/preview-snapshot-40057.out;logs/preview-snapshot-40057.err,
40059,build_and_release,build,"Build, test, and publish an immutable release",completed,successful_terminal_job_log,0:0_by_terminal_evidence,passed,not_applicable,,,,,,,,,,,,,,,,,74016,103964,a465caf90775b8e3e0cb06c7cae04fe4afd4460e88edf51d82b0e7ebfbaba72c,74abd9f322f258600f2c58ca1ebb712c79717eb589a26f0a76eb6f72c7c98968,logs/build-40059.out;logs/build-40059.err,
40060,build_and_release,workflow-preview-build,Build an isolated workflow frontend preview,completed,successful_terminal_job_log,0:0_by_terminal_evidence,passed,not_applicable,,,,,,,,,,,,,,,,,82500,70355,d335d079cc6f1cb890089cfbf0ec7b9ea1dd05d2e372633a47172ed8227d2b6c,690f77ac7afd5ba9a51f9647156396ee88863fc6823f5005ea7437e4239102c7,logs/workflow-preview-build-40060.out;logs/workflow-preview-build-40060.err,
40062,web_service,workflow-preview-service,Run an isolated workflow preview service,cancelled,slurmd_cancellation_record,,passed_then_controlled_stop,not_applicable,,,,,,anode02,,,,,,2026-08-19T17:29:26.717,,,,,38518,728,e2a4b5d4bf798dc8bd2f9e102fe6283456f618113ecd84ecaed045356eb26454,f6ce4824c430321218f3a27aa08b960eba535da872c958b1741aa058f3ae8ba7,logs/workflow-preview-service-40062.out;logs/workflow-preview-service-40062.err,
40079,web_service,service,Run the long-lived FastAPI and frontend service,failed,terminal_job_log,nonzero_by_terminal_evidence,failed,not_applicable,,,,,,,,,,,,,,,,,47,573,74837bb3b4d65b9d52f22a14437d523f3616618ca62e4cb323302f1851fae590,98764706b4f774123906f2e1bf9c65faaef9cfadef6a7dec879bd327e2982c83,logs/service-40079.out;logs/service-40079.err,candidate service port was already in use
40081,web_service,service,Run the long-lived FastAPI and frontend service,cancelled,slurmd_cancellation_record,,passed_then_controlled_stop,not_applicable,,,,,,anode01,,,,,,2026-08-19T17:53:37.567,,,,,19145,726,ea4a361bd0da55e91ec5090997ac9dc3645ac31a48200a97b430a0e2261359a5,24409d2e99ec30e42ec4f286696cc4199cdc6151db756e4d5db54296d84e6461,logs/service-40081.out;logs/service-40081.err,
40087,snapshot_and_provenance,preview-snapshot,"Capture database, release, service, and scheduler evidence",failed,terminal_job_log,nonzero_by_terminal_evidence,failed,not_applicable,,,,,,,,,,,,,,,,,691,0,5cc6493bfb8c2314ee2fff1e04a56e22706a855e51dbdf6a99babed62cb5a6bb,e3b0c44298fc1c149afbf4c8996fb92427ae41e4649b934ca495991b7852b855,logs/preview-snapshot-40087.out;logs/preview-snapshot-40087.err,post-snapshot detected an expected current-target change
40088,snapshot_and_provenance,preview-snapshot,"Capture database, release, service, and scheduler evidence",completed,successful_terminal_job_log,0:0_by_terminal_evidence,passed,not_applicable,,,,,,,,,,,,,,,,,521,0,ef8420dfc5009d235963eaed97b5610279e7e494028bd75a9dd8567bc05103f1,e3b0c44298fc1c149afbf4c8996fb92427ae41e4649b934ca495991b7852b855,logs/preview-snapshot-40088.out;logs/preview-snapshot-40088.err,
40090,vasp_calculation,vasp_relax,MoS2 RELAX calculation,failed,database_saved_scontrol_observation,1:0,scheduler_failed,not_evaluated,,MoS2,relax,4b566547-961b-4e10-a8d0-99431f2e2229,P107-RTX5090,anode02,16,32G,1xRTX5090,2026-08-19 09:44:56.085073,2026-08-19T09:53:37+00:00,2026-08-19T09:53:37+00:00,520.915,0,,,,,,,data/workflows/4b566547-961b-4e10-a8d0-99431f2e2229/attempts/101154ee-4dd7-4c41-94cf-d9a922741f59,attempt=101154ee-4dd7-4c41-94cf-d9a922741f59; release=c677e7b8f163610a21fbb5729a9538d979ac107b; runtime=missing
40091,web_service,service,Run the long-lived FastAPI and frontend service,cancelled,slurmd_cancellation_record,,passed_then_controlled_stop,not_applicable,,,,,,anode16,,,,,,2026-08-19T22:18:03.889,,,,,1240,728,317a25e2a16626ce59dfcfd68861dc432ebc4339b20f2a50c430ae93ec246cab,3b797ffac2818338f18ca08299e3fdfa23d5d1fb66dea3b5f187df9f69f4b3e8,logs/service-40091.out;logs/service-40091.err,
40096,build_and_release,build,"Build, test, and publish an immutable release",failed,terminal_job_log,nonzero_by_terminal_evidence,failed,not_applicable,,,,,,,,,,,,,,,,,16884,104440,6df49f4b29469e2af645f488fb55ab461fef8d6cd90ab0bdb80680d0c3f118b2,56a8bdcb10594abc0c9e655b7795b00c6e9b1e81c1700970129e611d88a39dd6,logs/build-40096.out;logs/build-40096.err,backend build tests failed
40097,build_and_release,build,"Build, test, and publish an immutable release",completed,successful_terminal_job_log,0:0_by_terminal_evidence,passed,not_applicable,,,,,,,,,,,,,,,,,74016,103964,c74123654020b42ef02997d9407caf48577a65b31fdc9bcf30f08a442dfd2dd5,dc2a3f3c5aed575c35ef2fe4e59a09db29dc91cb55f62524a8ffc51b276035bb,logs/build-40097.out;logs/build-40097.err,
40156,build_and_release,build,"Build, test, and publish an immutable release",completed,successful_terminal_job_log,0:0_by_terminal_evidence,passed,not_applicable,,,,,,,,,,,,,,,,,74013,103964,ffecfca8ba74e32d5de330f8751cef83a9f5865c418ea470f53f8eafce8d2579,b92d5ee0e894d631f1c3558263beace48d8cfdfdbebd88e39708201e93ed1bce,logs/build-40156.out;logs/build-40156.err,
40158,web_service,service,Run the long-lived FastAPI and frontend service,cancelled,slurmd_cancellation_record,,passed_then_controlled_stop,not_applicable,,,,,,anode17,,,,,,2026-08-19T22:16:16.809,,,,,390,726,7dfa8d164479962165df7257b6c620a068b9ec575fd619f91943fdc0e10aa3d3,45ed6309ed5e0cb079d401c9e933ed83654059ea4ae2e9486e96763ce3aaa0ff,logs/service-40158.out;logs/service-40158.err,
40159,web_service,service,Run the long-lived FastAPI and frontend service,cancelled,slurmd_cancellation_record,,passed_then_controlled_stop,not_applicable,,,,,,anode17,,,,,,2026-08-19T22:39:55.425,,,,,32975,726,270b61252d094240725d09be77d973762baec40a20831a42587974df3f957621,2975af9a39d34784960e953f0f4f840ec3fbe5dc813b7fe23b8d92f1b784c528,logs/service-40159.out;logs/service-40159.err,
40163,vasp_calculation,vasp_relax,MoS2 RELAX calculation,completed,database_saved_scontrol_observation,0:0,scientific_gate_failed,rejected,vaspkit_version_invalid,MoS2,relax,4b566547-961b-4e10-a8d0-99431f2e2229,P107-RTX5090,anode01,16,32G,1xRTX5090,2026-08-19 14:21:43.525789,2026-08-19T14:21:43+00:00,2026-08-19T14:22:28+00:00,0,45.0,42.08,2327036,,,,,data/workflows/4b566547-961b-4e10-a8d0-99431f2e2229/attempts/ced06c9a-1ae2-48dc-b038-c09aaf62458a,attempt=ced06c9a-1ae2-48dc-b038-c09aaf62458a; release=c677e7b8f163610a21fbb5729a9538d979ac107b; runtime=runtime-time.txt
40188,build_and_release,build,"Build, test, and publish an immutable release",completed,successful_terminal_job_log,0:0_by_terminal_evidence,passed,not_applicable,,,,,,,,,,,,,,,,,75391,103964,601df70baed5288086e0383ebd257c2750b093699b6039a755209f3a5f78eeff,33b13172bccff71fc8e9663d00addc2c423cd8ba117d5fd67858650cbed4ee92,logs/build-40188.out;logs/build-40188.err,
40190,web_service,service,Run the long-lived FastAPI and frontend service,cancelled,slurmd_cancellation_record,,passed_then_controlled_stop,not_applicable,,,,,,anode02,,,,,,2026-08-19T22:42:14.319,,,,,7024,728,1f93ba253c657bc3b1b9a956169e9dd1c5f0ea64964271a41dd0c74614ebade7,65d4fe8d6c8cced7b1d62cb2403324fa164b4b756b283bc01a8b5045ed7ecfc5,logs/service-40190.out;logs/service-40190.err,
40191,vasp_calculation,vasp_relax,MoS2 RELAX calculation,completed,database_saved_scontrol_observation,0:0,scientific_gate_failed,rejected,potcar_titles_invalid,MoS2,relax,4b566547-961b-4e10-a8d0-99431f2e2229,P107-RTX5090,anode01,16,32G,1xRTX5090,2026-08-19 14:40:37.811597,2026-08-19T14:42:14+00:00,2026-08-19T14:42:40+00:00,96.188,26.0,25.66,2304380,,,,,data/workflows/4b566547-961b-4e10-a8d0-99431f2e2229/attempts/437de87e-ec1a-4e63-92ee-d442b1f4a4dc,attempt=437de87e-ec1a-4e63-92ee-d442b1f4a4dc; release=c677e7b8f163610a21fbb5729a9538d979ac107b; runtime=runtime-time.txt
40192,web_service,service,Run the long-lived FastAPI and frontend service,cancelled,slurmd_cancellation_record,,passed_then_controlled_stop,not_applicable,,,,,,anode16,,,,,,2026-08-19T22:52:21.974,,,,,19233,726,3de66d4b78cd18ad5e5832e9bd4f05e1c546353c25bec220aeb42d0db31f4b80,204c04f685760c63730f40e5d1522b0f38124e9531f5421cb86447ec0b902413,logs/service-40192.out;logs/service-40192.err,
40210,build_and_release,build,"Build, test, and publish an immutable release",completed,successful_terminal_job_log,0:0_by_terminal_evidence,passed,not_applicable,,,,,,,,,,,,,,,,,75392,104147,fd5de78dc2d075d5fa7cc8b077140378ad9ba69cffe6996d9464ebe236133832,fa93383b10f57cd339623593a32885a57d872cdb2e445050b90b692c6e3b4205,logs/build-40210.out;logs/build-40210.err,
40211,web_service,service,Run the long-lived FastAPI and frontend service,cancelled,slurmd_cancellation_record,,passed_then_controlled_stop,not_applicable,,,,,,anode17,,,,,,2026-08-19T23:42:30.817,,,,,93394,1163,6cfd6d59a4c6ef5b784163fb003c4fe8c63849abf164644a2ef133fc6fcaffdf,3f983b5351ed4f9562fdf584073266b0543ee0191091951ff6d48cfc4266dae4,logs/service-40211.out;logs/service-40211.err,
40212,vasp_calculation,vasp_relax,MoS2 RELAX calculation,completed,database_saved_scontrol_observation,0:0,passed,accepted,,MoS2,relax,4b566547-961b-4e10-a8d0-99431f2e2229,P107-RTX5090,anode01,16,32G,1xRTX5090,2026-08-19 14:52:58.401839,2026-08-19T14:52:59+00:00,2026-08-19T14:53:24+00:00,0.598,25.0,24.92,2305260,,,,,data/workflows/4b566547-961b-4e10-a8d0-99431f2e2229/attempts/3f1a34a4-6efb-4de2-a299-cbec2c1a96cb,attempt=3f1a34a4-6efb-4de2-a299-cbec2c1a96cb; release=c677e7b8f163610a21fbb5729a9538d979ac107b; runtime=runtime-time.txt
40213,vasp_calculation,vasp_scf,MoS2 SCF calculation,completed,database_saved_scontrol_observation,0:0,scientific_gate_failed,rejected,scf_efermi_invalid,MoS2,scf,4b566547-961b-4e10-a8d0-99431f2e2229,P107-RTX5090,anode01,16,32G,1xRTX5090,2026-08-19 14:53:39.845414,2026-08-19T14:53:39+00:00,2026-08-19T14:54:14+00:00,0,35.0,34.47,2362168,,,,,data/workflows/4b566547-961b-4e10-a8d0-99431f2e2229/attempts/de4c6c9b-f61d-4a50-9d9a-28a1f4b2f6a6,attempt=de4c6c9b-f61d-4a50-9d9a-28a1f4b2f6a6; release=c677e7b8f163610a21fbb5729a9538d979ac107b; runtime=runtime-time.txt
40248,build_and_release,build,"Build, test, and publish an immutable release",completed,successful_terminal_job_log,0:0_by_terminal_evidence,passed,not_applicable,,,,,,,,,,,,,,,,,75395,104350,362a7770f1b695f18b5e92eca013cbc2e117f5e05c1a5079c40ef2e27c855beb,71e33c8e63b8dac514ea3d1f2cad2af19227a59621c98cd6e59a3a48c98f2272,logs/build-40248.out;logs/build-40248.err,
40249,web_service,service,Run the long-lived FastAPI and frontend service,cancelled,slurmd_cancellation_record,,passed_then_controlled_stop,not_applicable,,,,,,anode16,,,,,,2026-08-20T00:26:43.730,,,,,8889,1161,f177cfbe9b84a4332b18ad61777422157e5b58a34bcf016e49fae829a6cef5fb,2f49f59d4f3b9b8d8eb42e1da4fcbbb58d8fc154f3b32e557d879cb30ef87b87,logs/service-40249.out;logs/service-40249.err,
40250,vasp_calculation,vasp_scf,MoS2 SCF calculation,completed,database_saved_scontrol_observation,0:0,passed,accepted,,MoS2,scf,4b566547-961b-4e10-a8d0-99431f2e2229,P107-RTX5090,anode01,16,32G,1xRTX5090,2026-08-19 15:45:27.719542,2026-08-19T15:45:27+00:00,2026-08-19T15:46:07+00:00,0,40.0,39.17,2366028,,,,,data/workflows/4b566547-961b-4e10-a8d0-99431f2e2229/attempts/09a466fe-f1bd-43e0-9dbf-87ab76d0be34,attempt=09a466fe-f1bd-43e0-9dbf-87ab76d0be34; release=c677e7b8f163610a21fbb5729a9538d979ac107b; runtime=runtime-time.txt
40251,vasp_calculation,vasp_band,MoS2 BAND calculation,completed,database_saved_scontrol_observation,0:0,passed,accepted,,MoS2,band,4b566547-961b-4e10-a8d0-99431f2e2229,P107-RTX5090,anode01,16,32G,1xRTX5090,2026-08-19 15:46:19.112259,2026-08-19T15:46:20+00:00,2026-08-19T15:47:24+00:00,0.888,64.0,63.66,2536568,,,,,data/workflows/4b566547-961b-4e10-a8d0-99431f2e2229/attempts/4464e1f4-3e79-4547-9afb-dfe5b6265291,attempt=4464e1f4-3e79-4547-9afb-dfe5b6265291; release=c677e7b8f163610a21fbb5729a9538d979ac107b; runtime=runtime-time.txt
40252,vasp_calculation,vasp_dos,MoS2 DOS calculation,completed,database_saved_scontrol_observation,0:0,passed,accepted,,MoS2,dos,4b566547-961b-4e10-a8d0-99431f2e2229,P107-RTX5090,anode01,16,32G,1xRTX5090,2026-08-19 15:47:32.508166,2026-08-19T15:47:33+00:00,2026-08-19T15:48:28+00:00,0.492,55.0,54.6,2275448,,,,,data/workflows/4b566547-961b-4e10-a8d0-99431f2e2229/attempts/ea35c9a4-8b8f-47a8-a4ed-3c590fbc0245,attempt=ea35c9a4-8b8f-47a8-a4ed-3c590fbc0245; release=c677e7b8f163610a21fbb5729a9538d979ac107b; runtime=runtime-time.txt
40253,vasp_workflow_control,stage7-acceptance,Create or inspect Stage 7 workflows,failed,terminal_job_log,nonzero_by_terminal_evidence,failed,not_applicable,,,,,,,,,,,,,,,,,0,325,e3b0c44298fc1c149afbf4c8996fb92427ae41e4649b934ca495991b7852b855,3fbdc06d99898dce9ddbc87cc1aec01b62fa1e04153ea4c2620522a336740324,logs/stage7-acceptance-40253.out;logs/stage7-acceptance-40253.err,Stage 7 acceptance could not import competition_runtime
40259,build_and_release,build,"Build, test, and publish an immutable release",completed,successful_terminal_job_log,0:0_by_terminal_evidence,passed,not_applicable,,,,,,,,,,,,,,,,,75379,104350,feab36a3b4257ffe5acf2881ac5e2adbdf7a54cbfe567bffe8e0315c7cb87eac,0bddf28a359e56f4d7fbf04d09d840da8bfb9a55af82955b193bd8499ea22268,logs/build-40259.out;logs/build-40259.err,
40260,web_service,service,Run the long-lived FastAPI and frontend service,cancelled,slurmd_cancellation_record,,passed_then_controlled_stop,not_applicable,,,,,,anode02,,,,,,2026-08-20T00:22:38.212,,,,,405,728,e3c55c0925dedffc506a9d967a85d8bbfdc48350fe369e99c2df06b1eefcec74,d412f569352cd71ca2fbb61ab327aa9ac41180f214676a5354f0c3164c3812c4,logs/service-40260.out;logs/service-40260.err,
40262,web_service,service,Run the long-lived FastAPI and frontend service,cancelled,slurmd_cancellation_record,,passed_then_controlled_stop,not_applicable,,,,,,anode17,,,,,,2026-08-20T01:10:37.036,,,,,67565,1488,27d5e2175924a445674d13a93133e976efead231a2adbfa13555fc55d85b8f59,08b429f9b33c0f2e5bf753db31a46d00065a631e67a0151e345971da8b36e841,logs/service-40262.out;logs/service-40262.err,
40263,vasp_workflow_control,stage7-acceptance,Create or inspect Stage 7 workflows,completed,successful_terminal_job_log,0:0_by_terminal_evidence,passed,not_applicable,,,,,,,,,,,,,,,,,37,0,9a548eb08554d8cb4d9fbfe2fd5d0837478ff3be11aa77fa79171480d68a2601,e3b0c44298fc1c149afbf4c8996fb92427ae41e4649b934ca495991b7852b855,logs/stage7-acceptance-40263.out;logs/stage7-acceptance-40263.err,
40264,vasp_calculation,vasp_relax,MoS2 RELAX calculation,completed,database_saved_scontrol_observation,0:0,passed,accepted,,MoS2,relax,db9c793d-cf8f-4207-823b-5943d825f21d,P107-RTX5090,anode01,16,32G,1xRTX5090,2026-08-19 16:26:57.904138,2026-08-19T16:27:00+00:00,2026-08-19T16:27:34+00:00,2.096,34.0,33.41,2305612,,,,,data/workflows/db9c793d-cf8f-4207-823b-5943d825f21d/attempts/2f5a7850-e3c3-4ffe-b2ab-fdaacf0562b8,attempt=2f5a7850-e3c3-4ffe-b2ab-fdaacf0562b8; release=e3ea99c7c8eff76c37c7fc2bda4b205d5e9a4501; runtime=runtime-time.txt
40265,vasp_calculation,vasp_scf,MoS2 SCF calculation,completed,database_saved_scontrol_observation,0:0,scientific_gate_failed,rejected,electronic_not_converged,MoS2,scf,db9c793d-cf8f-4207-823b-5943d825f21d,P107-RTX5090,anode01,16,32G,1xRTX5090,2026-08-19 16:27:43.816407,2026-08-19T16:27:44+00:00,2026-08-19T16:27:53+00:00,0.184,9.0,9.18,2353888,,,,,data/workflows/db9c793d-cf8f-4207-823b-5943d825f21d/attempts/2f3080ae-b445-4575-975a-e85cccbeafc9,attempt=2f3080ae-b445-4575-975a-e85cccbeafc9; release=e3ea99c7c8eff76c37c7fc2bda4b205d5e9a4501; runtime=runtime-time.txt
40269,vasp_workflow_control,stage7-terminal-diagnostic,Diagnose Stage 7 workflow finalization,failed,terminal_job_log,nonzero_by_terminal_evidence,failed,not_applicable,,,,,,,,,,,,,,,,,0,757,e3b0c44298fc1c149afbf4c8996fb92427ae41e4649b934ca495991b7852b855,75b603804811963c87a67633a3200e7c6ad50244e145410c553dc37119eb2827,logs/stage7-terminal-diagnostic-40269.out;logs/stage7-terminal-diagnostic-40269.err,diagnostic wrapper omitted LMATELAB_FRONTEND_DIST
40270,vasp_workflow_control,stage7-terminal-diagnostic,Diagnose Stage 7 workflow finalization,failed,terminal_job_log,nonzero_by_terminal_evidence,failed,not_applicable,,,,,,,,,,,,,,,,,151,5177,257a4120361e6fe5bded632efe321de56a09e4153a8834180c5ef74098c3987e,9323563c1029438dc76749fca55a7ca651eee85aec216c2eb97dbc94e3999cbe,logs/stage7-terminal-diagnostic-40270.out;logs/stage7-terminal-diagnostic-40270.err,diagnostic exposed duplicate workflow event sequencing and then exited nonzero
40272,build_and_release,build,"Build, test, and publish an immutable release",completed,successful_terminal_job_log+project_evidence_document,0:0_by_terminal_evidence,passed,not_applicable,,,,,,,,,,,,,,65,,,75381,104350,2f4bd749566da48faf62f10aac6aa205f3ecf9e4fd87c865f9396a4b96853e0a,1e5a10a3705b66d5c64daa546a4444ff3ed789074c988bb772309ec30035b7a6,logs/build-40272.out;logs/build-40272.err,
40273,web_service,service,Run the long-lived FastAPI and frontend service,cancelled,slurmd_cancellation_record,,passed_then_controlled_stop,not_applicable,,,,,,anode16,,,,,,2026-08-20T22:46:06.000,,,,,7542,726,590f71c8fd2f083cf3aafab585b2450b6969824e470badc25b5c480f9784f5c7,360e83e164d85ffadd0a0759f78b3384263705efb679d9d3c8ed5371107a3e6e,logs/service-40273.out;logs/service-40273.err,
40274,vasp_workflow_control,stage7-terminal-verification,Read-only verification of the intentional Stage 7 failure chain,completed,project_evidence_document+terminal_job_log,0:0,passed,not_applicable,,,,,P107-A100,anode16,,,,,,,unavailable,1,,,1414,0,f79bf77d411fb7ec7480d565d16e2bb0532f84bb3e7b7bda3f6a84efbcf7063b,e3b0c44298fc1c149afbf4c8996fb92427ae41e4649b934ca495991b7852b855,evidence/stage7/terminal-40274.out;evidence/stage7/terminal-40274.err,"This job wrote only to evidence/stage7, so it is absent from root logs"
40303,build_and_release,build,"Build, test, and publish an immutable release",completed,successful_terminal_job_log,0:0_by_terminal_evidence,passed,not_applicable,,,,,,,,,,,,,,,,,74913,107328,445599457b77e2fb685c8694e76049deceac7d2504c7901ab9c00175b3e39b1d,a1a8324e55396931642e26c0e17c95fc30b7da3619e03f85469a5e7c93f7c5fa,logs/build-40303.out;logs/build-40303.err,
40304,results_and_evidence,stage8-acceptance,"Validate structure, BAND, DOS, and evidence bundles",failed,terminal_job_log,nonzero_by_terminal_evidence,failed,not_applicable,,,,,,,,,,,,,,,,,0,4551,e3b0c44298fc1c149afbf4c8996fb92427ae41e4649b934ca495991b7852b855,30ad5438f197a5cb10cec06ecc89e5bb443335c462efc1ef3bf480a3c7917c86,logs/stage8-acceptance-40304.out;logs/stage8-acceptance-40304.err,Stage 8 acceptance hit an SQLAlchemy mapper initialization error
40305,build_and_release,build,"Build, test, and publish an immutable release",completed,successful_terminal_job_log,0:0_by_terminal_evidence,passed,not_applicable,,,,,,,,,,,,,,,,,74923,107328,a3d5cfeb510ea212b025a615921a685be18fef0ded9a1c51115f1f442a726da5,63839aeb75cadc3816b193be936eacecf64dd5ad3b9b23f4abcd5c17aff0d12b,logs/build-40305.out;logs/build-40305.err,
40306,results_and_evidence,stage8-acceptance,"Validate structure, BAND, DOS, and evidence bundles",failed,terminal_job_log,nonzero_by_terminal_evidence,failed,not_applicable,,,,,,,,,,,,,,,,,91,895,8d03eece8daa4e71a6e8ba10608415643ca9f5bea1447b46dbf51d35d3c46de2,6a3dbb47adb2c8d1717d52363ca0d9c2f81ff27a54e1cee71fe4e9ef3d08b774,logs/stage8-acceptance-40306.out;logs/stage8-acceptance-40306.err,Stage 8 acceptance rejected an unparseable scientific artifact
40307,build_and_release,build,"Build, test, and publish an immutable release",completed,successful_terminal_job_log,0:0_by_terminal_evidence,passed,not_applicable,,,,,,,,,,,,,,,,,74908,107544,6605550647d504434795358aeda35c2722eef642d49ae1e03877e71b0caddc2d,97bdc9c96626df646ac6a3e0771a59d2916bcddab0b81ac831607b9e041a4fd0,logs/build-40307.out;logs/build-40307.err,
40308,results_and_evidence,stage8-acceptance,"Validate structure, BAND, DOS, and evidence bundles",completed,successful_terminal_job_log,0:0_by_terminal_evidence,passed,not_applicable,,,,,,,,,,,,,,,,,1394,0,432a9cab49aa2081affd12aab7d6f37ac75cff31a0c9a7eef170e0bb3acf9ae5,e3b0c44298fc1c149afbf4c8996fb92427ae41e4649b934ca495991b7852b855,logs/stage8-acceptance-40308.out;logs/stage8-acceptance-40308.err,
40309,web_service,service,Run the long-lived FastAPI and frontend service,cancelled,slurmd_cancellation_record,,passed_then_controlled_stop,not_applicable,,,,,,anode19,,,,,,2026-08-20T22:46:06.004,,,,,6072,726,b0809c8782d48a0b0dfb7b97e316eda3cccf9d497fdb66e7d7a52e1f89940689,208a3b8264c775263d5c5eb1e9f8223767aa177895c905d587755f6d4bc789a9,logs/service-40309.out;logs/service-40309.err,
40782,build_and_release,build,"Build, test, and publish an immutable release",completed,successful_terminal_job_log,0:0_by_terminal_evidence,passed,not_applicable,,,,,,,,,,,,,,,,,74984,107738,6addcf4cbbb275729800cfdf8e14015a0bebabb435ead94b6f83b8948cdc8d22,a14597db3ab40d405ed116f9dd5dd75c1c10793f292a73b18963674b5551cb0a,logs/build-40782.out;logs/build-40782.err,
40784,web_service,service,Run the long-lived FastAPI and frontend service,failed,terminal_job_log,nonzero_by_terminal_evidence,failed,not_applicable,,,,,,,,,,,,,,,,,47,572,74837bb3b4d65b9d52f22a14437d523f3616618ca62e4cb323302f1851fae590,bff6f075352b75ac710205c7845b80cf068201e8d14ab3a6ad14cadf55a324a8,logs/service-40784.out;logs/service-40784.err,candidate service port was already in use
40786,web_service,service,Run the long-lived FastAPI and frontend service,cancelled,slurmd_cancellation_record,,passed_then_controlled_stop,not_applicable,,,,,,anode17,,,,,,2026-08-20T22:46:05.996,,,,,3272,728,71fedeed14b40fe8e1855ea5fac1d3d8b24a7121792ed6dfbf96276b515685aa,142527e3f2703af1c652696ed6180ac87580489f508644f0e5787c62e1a3c3a7,logs/service-40786.out;logs/service-40786.err,
40831,build_and_release,build,"Build, test, and publish an immutable release",completed,successful_terminal_job_log,0:0_by_terminal_evidence,passed,not_applicable,,,,,,,,,,,,,,,,,75213,107946,a8c0e04c9bf4e84fc435ac906b80e9f39bf6da2ed46247be59bc4af71a593f9a,2ef67e2c406e26535c25c569c76d83a2891fc4f348e430c8143421cbfc2e4338,logs/build-40831.out;logs/build-40831.err,
40832,web_service,service,Run the long-lived FastAPI and frontend service,cancelled,slurmd_cancellation_record,,passed_then_controlled_stop,not_applicable,,,,,,anode18,,,,,,2026-08-21T01:35:17.098,,,,,6599,726,da85096f566edc585360354b206258c00a9c0a5696816840c895640e9ac05d5c,dc6b729f13f36bbf8c90763c0613e5922a157a36ab935315b2b4e821700102d5,logs/service-40832.out;logs/service-40832.err,
40860,build_and_release,build,"Build, test, and publish an immutable release",completed,successful_terminal_job_log,0:0_by_terminal_evidence,passed,not_applicable,,,,,,,,,,,,,,,,,76253,110215,d0a3c6b65e7ae34739de88570b9e6793ef020e35f6bd8f1bf4d32027bbddb437,25b296d642af198346942029a76655067b4eabd4046dad075ac710226626860a,logs/build-40860.out;logs/build-40860.err,
40910,snapshot_and_provenance,preview-snapshot,"Capture database, release, service, and scheduler evidence",completed,successful_terminal_job_log,0:0_by_terminal_evidence,passed,not_applicable,,,,,,,,,,,,,,,,,521,0,4610ca55b9fb98e1d47e465922c3c43f887e16cd46d0a9f09b0065a31f1ec10a,e3b0c44298fc1c149afbf4c8996fb92427ae41e4649b934ca495991b7852b855,logs/preview-snapshot-40910.out;logs/preview-snapshot-40910.err,
40911,recovery_and_rollback,rollback-smoke,Exercise isolated release rollback,completed,successful_terminal_job_log,0:0_by_terminal_evidence,passed,not_applicable,,,,,,,,,,,,,,,,,85,0,1fd4b9675053c0275a3e56409a4369fd597fa418b37b9f64e122f164b5ca5ea8,e3b0c44298fc1c149afbf4c8996fb92427ae41e4649b934ca495991b7852b855,logs/rollback-smoke-40911.out;logs/rollback-smoke-40911.err,
40913,snapshot_and_provenance,preview-snapshot,"Capture database, release, service, and scheduler evidence",completed,successful_terminal_job_log,0:0_by_terminal_evidence,passed,not_applicable,,,,,,,,,,,,,,,,,953,0,1ccf049a57e03350829cda941a6449f09c7f5db6a9f8828e83697edc26359c21,e3b0c44298fc1c149afbf4c8996fb92427ae41e4649b934ca495991b7852b855,logs/preview-snapshot-40913.out;logs/preview-snapshot-40913.err,
40916,results_and_evidence,stage8-acceptance,"Validate structure, BAND, DOS, and evidence bundles",completed,successful_terminal_job_log,0:0_by_terminal_evidence,passed,not_applicable,,,,,,,,,,,,,,,,,1394,0,6622c0da52c521a73603904e458b0c2cdac878818f9f83d6ed203635a6ec8cef,e3b0c44298fc1c149afbf4c8996fb92427ae41e4649b934ca495991b7852b855,logs/stage8-acceptance-40916.out;logs/stage8-acceptance-40916.err,
40917,web_service,service,Run the long-lived FastAPI and frontend service,cancelled,slurmd_cancellation_record,,passed_then_controlled_stop,not_applicable,,,,,,anode17,,,,,,2026-08-21T14:39:08.755,,,,,8669,728,f6e1f4a005de86f7eb1d55b3b3214772cae02c833918a53403544e12a07cec3f,e0b085c83a300e22ba8398650c8cac125ec0715cb7e3db0675e32e084c44a6b2,logs/service-40917.out;logs/service-40917.err,
40923,snapshot_and_provenance,preview-snapshot,"Capture database, release, service, and scheduler evidence",completed,successful_terminal_job_log,0:0_by_terminal_evidence,passed,not_applicable,,,,,,,,,,,,,,,,,521,0,e34774e9f9556b096b7ff20b642aa635f54887bbaa56ce2c0edca23a5f8cd531,e3b0c44298fc1c149afbf4c8996fb92427ae41e4649b934ca495991b7852b855,logs/preview-snapshot-40923.out;logs/preview-snapshot-40923.err,
41038,snapshot_and_provenance,preview-snapshot,"Capture database, release, service, and scheduler evidence",completed,successful_terminal_job_log,0:0_by_terminal_evidence,passed,not_applicable,,,,,,,,,,,,,,,,,521,0,d523006e1b381935aa60b0550980ccc20ed2b3cc30d805ee6ef86f0aba6a37fa,e3b0c44298fc1c149afbf4c8996fb92427ae41e4649b934ca495991b7852b855,logs/preview-snapshot-41038.out;logs/preview-snapshot-41038.err,
41039,build_and_release,build,"Build, test, and publish an immutable release",failed,terminal_job_log,nonzero_by_terminal_evidence,failed,not_applicable,,,,,,,,,,,,,,,,,16884,112845,6df49f4b29469e2af645f488fb55ab461fef8d6cd90ab0bdb80680d0c3f118b2,fb8f5284b7357db9a3124a6a86fa435e4e27b1f885540af3a896d03a7609f379,logs/build-41039.out;logs/build-41039.err,service recovery build fixture lacked service-state.json
41041,snapshot_and_provenance,preview-snapshot,"Capture database, release, service, and scheduler evidence",completed,successful_terminal_job_log,0:0_by_terminal_evidence,passed,not_applicable,,,,,,,,,,,,,,,,,521,0,744cedd259f05d2f4885eed437400e3be137707063b733888940aecb33c4967a,e3b0c44298fc1c149afbf4c8996fb92427ae41e4649b934ca495991b7852b855,logs/preview-snapshot-41041.out;logs/preview-snapshot-41041.err,
41042,build_and_release,build,"Build, test, and publish an immutable release",completed,successful_terminal_job_log,0:0_by_terminal_evidence,passed,not_applicable,,,,,,,,,,,,,,,,,77083,112893,9fa7ad7e06a529c6d1868d83b3cb29004dde3f3213e8b07bbc171975c712ee3f,54ac10f2c67438b75482bd4460642d4cf2c7eaf8d9d4a9654f475cd17fc424d2,logs/build-41042.out;logs/build-41042.err,
41043,web_service,service,Run the long-lived FastAPI and frontend service,cancelled,slurmd_cancellation_record,,passed_then_controlled_stop,not_applicable,,,,,,anode16,,,,,,2026-08-21T14:40:18.077,,,,,1855,1820,168b04000f42975f4b06a615b1803ab8b7774687e733b1e33c5b8786ba1d6db8,ea43aeff42f85bd025f8873ce7433cb53a2e0874f90f7fff22d55d320cdd0102,logs/service-41043.out;logs/service-41043.err,
41044,web_service,service,Run the long-lived FastAPI and frontend service,cancelled,slurmd_cancellation_record,0:0,passed_then_controlled_stop,not_applicable,,,,,P107-A100,anode16,2,,,2026-08-21T14:41:01,2026-08-21T14:41:04,2026-08-22T10:26:19.433,3.0,71115.433,,,174244,910,cf696260cc8672cb775dd20f1c76ebb8d66dc0087d8f5e9de416689a143cf097,c263b82c1bd9ec0c90b98801d05b3f388e464de94c9aa2788b7ab2579c5a56e4,logs/service-41044.out;logs/service-41044.err,
41045,snapshot_and_provenance,preview-snapshot,"Capture database, release, service, and scheduler evidence",completed,successful_terminal_job_log,0:0_by_terminal_evidence,passed,not_applicable,,,,,,,,,,,,,,,,,521,0,c5e51daa0d6d0db01fbe00c86346e03d375f6bc3cea6071af549a85e8dcbcc02,e3b0c44298fc1c149afbf4c8996fb92427ae41e4649b934ca495991b7852b855,logs/preview-snapshot-41045.out;logs/preview-snapshot-41045.err,
41063,snapshot_and_provenance,preview-snapshot,"Capture database, release, service, and scheduler evidence",completed,successful_terminal_job_log,0:0_by_terminal_evidence,passed,not_applicable,,,,,,,,,,,,,,,,,521,0,528c92b345640950d6f451c8f8a0ac45b93284da363edcb131c1109b60bf4434,e3b0c44298fc1c149afbf4c8996fb92427ae41e4649b934ca495991b7852b855,logs/preview-snapshot-41063.out;logs/preview-snapshot-41063.err,
41064,build_and_release,build,"Build, test, and publish an immutable release",failed,terminal_job_log,nonzero_by_terminal_evidence,failed,not_applicable,,,,,,,,,,,,,,,,,18271,113977,13812dc2a7002528d60c645eca541b67bff283092102d9070fa50d96c11737d8,5fad7b0a272dee03831a0956798fd91b8edc98d18729d4eaa4c8a77d50387c1b,logs/build-41064.out;logs/build-41064.err,cross-platform delivery manifest hash test failed
41138,snapshot_and_provenance,preview-snapshot,"Capture database, release, service, and scheduler evidence",completed,successful_terminal_job_log,0:0_by_terminal_evidence,passed,not_applicable,,,,,,,,,,,,,,,,,521,0,6d86827b1a7751a96a098e4b8082a51bfd6fa291e7117dc5b86f5344abdf5000,e3b0c44298fc1c149afbf4c8996fb92427ae41e4649b934ca495991b7852b855,logs/preview-snapshot-41138.out;logs/preview-snapshot-41138.err,
41139,build_and_release,build,"Build, test, and publish an immutable release",completed,successful_terminal_job_log,0:0_by_terminal_evidence,passed,not_applicable,,,,,,,,,,,,,,,,,79206,113715,e32989825c12ce5c9c172a41c690c4caf000963f54c7d58b9667de02cb2ea501,40d0579a6bd36b15fa9acb6969521ceb28e72460582c476df3edec8f7ed770c7,logs/build-41139.out;logs/build-41139.err,
41142,web_service,service,Run the long-lived FastAPI and frontend service,cancelled,slurmd_cancellation_record,0:0,passed_then_controlled_stop,not_applicable,,,,,P107-A100,anode18,2,,,2026-08-21T21:25:58,2026-08-21T21:25:59,2026-08-22T10:26:19.431,1.0,46820.431,,,2284,1638,f0c899ba68b65b386535016fcf061b82272e156739277b52d4c96d7e34a3d25f,89b5910fa4e1707cab16f6c5cf8bd3b1fbda43a49d94d7729a347ebfabbd0500,logs/service-41142.out;logs/service-41142.err,
41477,snapshot_and_provenance,preview-snapshot,"Capture database, release, service, and scheduler evidence",completed,successful_terminal_job_log,0:0_by_terminal_evidence,passed,not_applicable,,,,,,,,,,,,,,,,,521,0,71de10189f25b3ca5032cae9b0b6a1a8241237f944867b006346ed45637deaeb,e3b0c44298fc1c149afbf4c8996fb92427ae41e4649b934ca495991b7852b855,logs/preview-snapshot-41477.out;logs/preview-snapshot-41477.err,
41478,build_and_release,build,"Build, test, and publish an immutable release",completed,successful_terminal_job_log,0:0_by_terminal_evidence,passed,not_applicable,,,,,,,,,,,,,,,,,79210,114335,f6b315a7f2cc1d10384da805df3d6f03200d0919ce3cafa8ae17b52ba85d26eb,7690f87175aee6c2a13ba30cd07749ad2aeb73b67d02c9d242ccb1654b34787b,logs/build-41478.out;logs/build-41478.err,
41479,web_service,service,Run the long-lived FastAPI and frontend service,cancelled,slurmd_cancellation_record,,passed_then_controlled_stop,not_applicable,,,,,,anode19,,,,,,2026-08-22T16:48:25.884,,,,,175549,2093,82b314cf37a860bd0bfd7ff790cb3d04ffe68922b0dffef4b86cb6f9d6f7452f,77414ac97b1d79ae9fc426c09c37d02a87562e3abdcab3a7f42121ba492bd75c,logs/service-41479.out;logs/service-41479.err,
41481,snapshot_and_provenance,preview-snapshot,"Capture database, release, service, and scheduler evidence",completed,successful_terminal_job_log,0:0_by_terminal_evidence,passed,not_applicable,,,,,,,,,,,,,,,,,521,0,e03131d2de0e0b5f1978f2c1ab11deded96c66a99702cb7e0a54cdbd5be5fd6a,e3b0c44298fc1c149afbf4c8996fb92427ae41e4649b934ca495991b7852b855,logs/preview-snapshot-41481.out;logs/preview-snapshot-41481.err,
41482,delivery_acceptance,stage10-acceptance,Run read-only delivery acceptance,completed,successful_terminal_job_log,0:0_by_terminal_evidence,passed,not_applicable,,,,,,,,,,,,,,,,,1522,0,0ddf22d5720e529843bd19f94cb386667483a1f85ddf252ba91155f8e4c4db0e,e3b0c44298fc1c149afbf4c8996fb92427ae41e4649b934ca495991b7852b855,logs/stage10-acceptance-41482.out;logs/stage10-acceptance-41482.err,
41560,build_and_release,build,"Build, test, and publish an immutable release",completed,successful_terminal_job_log,0:0_by_terminal_evidence,passed,not_applicable,,,,,,,,,,,,,,,,,80863,114335,ee847203548b8574ccb141b7948f7c210f17915ae2cd8dad888fa33c8c010c88,8c05e041fa79f86513d53bfca0366dab99f320c66c388bd5ec2ba9c262261342,logs/build-41560.out;logs/build-41560.err,
41561,web_service,service,Run the long-lived FastAPI and frontend service,cancelled,slurmd_cancellation_record,,passed_then_controlled_stop,not_applicable,,,,,,anode18,,,,,,2026-08-22T17:13:05.393,,,,,15482,2275,887694fdf920116c3b2ad1d41ac7127644f7b3913442334bb88ad3467151050d,448aa3a0c73a34654e9a739302136f46412726c276c1eaaad79ebdb48ad80ecc,logs/service-41561.out;logs/service-41561.err,
41563,delivery_acceptance,stage10-acceptance,Run read-only delivery acceptance,completed,successful_terminal_job_log,0:0_by_terminal_evidence,passed,not_applicable,,,,,,,,,,,,,,,,,1522,0,de526958cb0c1c5454ede73544a9b72226a6e263f4b34e30bceb2cc9801e4346,e3b0c44298fc1c149afbf4c8996fb92427ae41e4649b934ca495991b7852b855,logs/stage10-acceptance-41563.out;logs/stage10-acceptance-41563.err,
41569,build_and_release,build,"Build, test, and publish an immutable release",completed,successful_terminal_job_log,0:0_by_terminal_evidence,passed,not_applicable,,,,,,,,,,,,,,,,,81234,114335,e0f76587989f2c61c300f726ee152b8a1968e2c5a6703d185524986e605b19c3,9dfa5c578020fad82046e1c73a23cd6f6f180b56db59c749595af3e07a659239,logs/build-41569.out;logs/build-41569.err,
41570,web_service,service,Run the long-lived FastAPI and frontend service,cancelled,slurmd_cancellation_record,,passed_then_controlled_stop,not_applicable,,,,,,anode16,,,,,,2026-08-22T18:20:42.713,,,,,35907,1090,3dcb9d208db4bad39c130d23599d6863a8e5f7fc0f32c92ee7b52bbd89906f93,a4fea29a101dc9aa7447e47cc5e0c93d281ce0f44056101c1de89b3990741623,logs/service-41570.out;logs/service-41570.err,
41571,delivery_acceptance,stage10-acceptance,Run read-only delivery acceptance,completed,successful_terminal_job_log,0:0_by_terminal_evidence,passed,not_applicable,,,,,,,,,,,,,,,,,1522,0,26d14d0cf7b94a265d42d9985d20258846249b1edb7461ffc81e8894030c4aba,e3b0c44298fc1c149afbf4c8996fb92427ae41e4649b934ca495991b7852b855,logs/stage10-acceptance-41571.out;logs/stage10-acceptance-41571.err,
41645,snapshot_and_provenance,preview-snapshot,"Capture database, release, service, and scheduler evidence",completed,successful_terminal_job_log,0:0_by_terminal_evidence,passed,not_applicable,,,,,,,,,,,,,,,,,521,0,c0a3a434424f1dafc9ccd376fcc35502f2c84fd300e004f025becb9f2e6e88c2,e3b0c44298fc1c149afbf4c8996fb92427ae41e4649b934ca495991b7852b855,logs/preview-snapshot-41645.out;logs/preview-snapshot-41645.err,
41646,build_and_release,build,"Build, test, and publish an immutable release",completed,successful_terminal_job_log,0:0_by_terminal_evidence,passed,not_applicable,,,,,,,,,,,,,,,,,79715,114335,dfef14cc686caf3a3544b23a72381ed9853d4e14cfbd921fc3cb1feeab69b1a3,c4482e06e91905efcd01945accfed8310978620d0bbf8c14e279b9a93d6252af,logs/build-41646.out;logs/build-41646.err,
41648,web_service,service,Run the long-lived FastAPI and frontend service,cancelled,slurmd_cancellation_record,,passed_then_controlled_stop,not_applicable,,,,,,anode18,,,,,,2026-08-22T21:40:09.908,,,,,88327,1001,024ce5c58934c2f77792c87ed550ecebfe99e3963da5e4d5b0406ad2e5e06933,203661b7a97877cf72904ed3d58c7f2631a9b4e3e6ebff6fc87f0d222272cf77,logs/service-41648.out;logs/service-41648.err,
41649,delivery_acceptance,stage10-acceptance,Run read-only delivery acceptance,completed,successful_terminal_job_log,0:0_by_terminal_evidence,passed,not_applicable,,,,,,,,,,,,,,,,,1522,0,96450b04249c92c20a9d27c1b237a07c9a17f7172fb0e65ec123f35f96c3890b,e3b0c44298fc1c149afbf4c8996fb92427ae41e4649b934ca495991b7852b855,logs/stage10-acceptance-41649.out;logs/stage10-acceptance-41649.err,
41650,snapshot_and_provenance,preview-snapshot,"Capture database, release, service, and scheduler evidence",completed,successful_terminal_job_log,0:0_by_terminal_evidence,passed,not_applicable,,,,,,,,,,,,,,,,,521,0,6d5baa93cfdc167298621b196f3bcbe3aceda5d53da0a4c0903511b0c5f78b2c,e3b0c44298fc1c149afbf4c8996fb92427ae41e4649b934ca495991b7852b855,logs/preview-snapshot-41650.out;logs/preview-snapshot-41650.err,
41670,snapshot_and_provenance,preview-snapshot,"Capture database, release, service, and scheduler evidence",completed,successful_terminal_job_log,0:0_by_terminal_evidence,passed,not_applicable,,,,,,,,,,,,,,,,,521,0,ce91432be20f9ec197b017733f4d7a12af782ecc95cdce462a59f7d0b89f16f8,e3b0c44298fc1c149afbf4c8996fb92427ae41e4649b934ca495991b7852b855,logs/preview-snapshot-41670.out;logs/preview-snapshot-41670.err,
41672,build_and_release,build,"Build, test, and publish an immutable release",completed,successful_terminal_job_log,0:0_by_terminal_evidence,passed,not_applicable,,,,,,,,,,,,,,,,,83919,115564,d44119b0ad6355327a33d8076404bd967e8bb6c6e1d2720a0624dce856842eee,a8d060d7f5d083e33a843877caf377a9d49b114a1038d433f87f0a493f60f76b,logs/build-41672.out;logs/build-41672.err,
41673,web_service,service,Run the long-lived FastAPI and frontend service,cancelled,slurmd_cancellation_record,,passed_then_controlled_stop,not_applicable,,,,,,anode16,,,,,,2026-08-22T22:59:25.787,,,,,39188,1927,879bed92cb4311d2a16042d79a34c195029d4cf9decf44bb2d851f2b5eb1e1e7,5f215849259d4d4e2c8ff8e205efe6715d27f06dc78491e49106460c65c57263,logs/service-41673.out;logs/service-41673.err,
41676,delivery_acceptance,stage10-acceptance,Run read-only delivery acceptance,completed,successful_terminal_job_log,0:0_by_terminal_evidence,passed,not_applicable,,,,,,,,,,,,,,,,,1522,0,9b0ecf127ddcfee44d411cc051b59902a4a07eae671d9f3f11041e0ed17c751d,e3b0c44298fc1c149afbf4c8996fb92427ae41e4649b934ca495991b7852b855,logs/stage10-acceptance-41676.out;logs/stage10-acceptance-41676.err,
41680,snapshot_and_provenance,preview-snapshot,"Capture database, release, service, and scheduler evidence",failed,terminal_job_log,nonzero_by_terminal_evidence,failed,not_applicable,,,,,,,,,,,,,,,,,691,0,8bd1d2447623793fd9962a98c63bc62e79bd5970d0cd7a9ef9fcb96fade0a4b5,e3b0c44298fc1c149afbf4c8996fb92427ae41e4649b934ca495991b7852b855,logs/preview-snapshot-41680.out;logs/preview-snapshot-41680.err,post-snapshot used a pre-deploy invariant after an intentional release change
41712,build_and_release,build,"Build, test, and publish an immutable release",completed,successful_terminal_job_log,0:0_by_terminal_evidence,passed,not_applicable,,,,,,,,,,,,,,,,,85592,115564,87af36e10dce161a80fc965d5c7f4e8a4a96d34ad3b16e8f656f701bad645fe6,aa6eaa15f8a0f8eab1b03648bfc691ac120f62dfd80296e3f73f8f671b32e4e2,logs/build-41712.out;logs/build-41712.err,
41721,web_service,service,Run the long-lived FastAPI and frontend service,cancelled,slurmd_cancellation_record,,passed_then_controlled_stop,not_applicable,,,,,,anode18,,,,,,2026-08-24T09:50:44.807,,,,,905941,1618,064723649afb5c0128457d059a8977032fbb5468b05d9d4ba8692ac336704ff0,9607a26b66bb56fff1082fbb0bedbc464d09da675811a3572dec7574ecb807aa,logs/service-41721.out;logs/service-41721.err,
41724,delivery_acceptance,stage10-acceptance,Run read-only delivery acceptance,completed,successful_terminal_job_log,0:0_by_terminal_evidence,passed,not_applicable,,,,,,,,,,,,,,,,,1522,0,1f0eeb17b36920a84daa4c5bb0b15b668fb2feffc10738fcb47391010e13a89c,e3b0c44298fc1c149afbf4c8996fb92427ae41e4649b934ca495991b7852b855,logs/stage10-acceptance-41724.out;logs/stage10-acceptance-41724.err,
41899,vasp_calculation,vasp_relax,MoS2 RELAX calculation,completed,database_saved_scontrol_observation,0:0,passed,accepted,,MoS2,relax,110146f9-f1a6-40bb-a985-8ac442ee6a32,P107-RTX5090,anode01,16,32G,1xRTX5090,2026-08-23 07:08:34.997814,2026-08-23T07:08:35+00:00,2026-08-23T07:09:23+00:00,0.002,48.0,47.22,2302340,,,,,data/workflows/110146f9-f1a6-40bb-a985-8ac442ee6a32/attempts/d5553498-17cf-4696-a2a7-a784f16a85fd,attempt=d5553498-17cf-4696-a2a7-a784f16a85fd; release=217cf255e0c1ad0090e2215b9c0a5928a0da19ca; runtime=runtime-time.txt
41900,vasp_calculation,vasp_scf,MoS2 SCF calculation,completed,database_saved_scontrol_observation,0:0,passed,accepted,,MoS2,scf,110146f9-f1a6-40bb-a985-8ac442ee6a32,P107-RTX5090,anode01,16,32G,1xRTX5090,2026-08-23 07:09:30.847588,2026-08-23T07:09:30+00:00,2026-08-23T07:10:29+00:00,0,59.0,58.25,2237740,,,,,data/workflows/110146f9-f1a6-40bb-a985-8ac442ee6a32/attempts/4d3e5ebd-1c82-40ad-b1a8-9711ee803ea9,attempt=4d3e5ebd-1c82-40ad-b1a8-9711ee803ea9; release=217cf255e0c1ad0090e2215b9c0a5928a0da19ca; runtime=runtime-time.txt
41901,vasp_calculation,vasp_band,MoS2 BAND calculation,completed,database_saved_scontrol_observation,0:0,passed,accepted,,MoS2,band,110146f9-f1a6-40bb-a985-8ac442ee6a32,P107-RTX5090,anode01,16,32G,1xRTX5090,2026-08-23 07:10:31.037862,2026-08-23T07:10:32+00:00,2026-08-23T07:11:37+00:00,0.962,65.0,64.62,2482820,,,,,data/workflows/110146f9-f1a6-40bb-a985-8ac442ee6a32/attempts/e2059b4a-9949-4578-9dcd-21a45a23385c,attempt=e2059b4a-9949-4578-9dcd-21a45a23385c; release=217cf255e0c1ad0090e2215b9c0a5928a0da19ca; runtime=runtime-time.txt
41902,vasp_calculation,vasp_dos,MoS2 DOS calculation,completed,database_saved_scontrol_observation,0:0,passed,accepted,,MoS2,dos,110146f9-f1a6-40bb-a985-8ac442ee6a32,P107-RTX5090,anode01,16,32G,1xRTX5090,2026-08-23 07:11:40.852333,2026-08-23T07:11:40+00:00,2026-08-23T07:12:22+00:00,0,42.0,40.91,2345420,,,,,data/workflows/110146f9-f1a6-40bb-a985-8ac442ee6a32/attempts/cc5fe836-02ef-4a96-9ba2-58215c7bfeb4,attempt=cc5fe836-02ef-4a96-9ba2-58215c7bfeb4; release=217cf255e0c1ad0090e2215b9c0a5928a0da19ca; runtime=runtime-time.txt
43709,build_and_release,build,"Build, test, and publish an immutable release",completed,successful_terminal_job_log,0:0_by_terminal_evidence,passed,not_applicable,,,,,,,,,,,,,,,,,84884,117144,3bc339986f0e09d394cf723c95feb4b767473287de6d972dba98743cbb8182a3,f20afff6c786f4b89350d1dcf6fb76be7a66fb6774dfcbc82017c45b81968756,logs/build-43709.out;logs/build-43709.err,
43710,web_service,service,Run the long-lived FastAPI and frontend service,cancelled,slurmd_cancellation_record,,passed_then_controlled_stop,not_applicable,,,,,,anode16,,,,,,2026-08-24T10:53:13.007,,,,,32326,1727,ecbf2eede62fa298b8632bee4ea16418d1d41d96d997fa927901df4c948f80d5,4b089b2821bd018b827a4db4038e64a889f29e65db3f359edefb83551a89ea2c,logs/service-43710.out;logs/service-43710.err,
43711,delivery_acceptance,stage10-acceptance,Run read-only delivery acceptance,completed,successful_terminal_job_log,0:0_by_terminal_evidence,passed,not_applicable,,,,,,,,,,,,,,,,,1522,0,3331ce280915cb6f2c8e55ea4fc7097f79715de6bc7761df30edfc8cfb665f2a,e3b0c44298fc1c149afbf4c8996fb92427ae41e4649b934ca495991b7852b855,logs/stage10-acceptance-43711.out;logs/stage10-acceptance-43711.err,
43725,build_and_release,build,"Build, test, and publish an immutable release",completed,successful_terminal_job_log,0:0_by_terminal_evidence,passed,not_applicable,,,,,,,,,,,,,,,,,84865,117144,34091bc1b2deb6080c2b415a7031800e74a1128e11e5e53f7fe232119492c238,255dd84a8d876aeadf3a47d40a5757d42e9ed3a5a40f92ca93c7ffd685df5269,logs/build-43725.out;logs/build-43725.err,
43726,web_service,service,Run the long-lived FastAPI and frontend service,cancelled,slurmd_cancellation_record,,passed_then_controlled_stop,not_applicable,,,,,,anode18,,,,,,2026-08-24T11:32:44.153,,,,,21977,1820,576f96a343417ad1270c31749d1895649c351bda0a03e3efa396938788c2004a,c2be0fcf3ffdaba2ebc72038817ebc06f8d64d6b9ddb4b66215dae57cd0610d6,logs/service-43726.out;logs/service-43726.err,
43728,delivery_acceptance,stage10-acceptance,Run read-only delivery acceptance,completed,successful_terminal_job_log,0:0_by_terminal_evidence,passed,not_applicable,,,,,,,,,,,,,,,,,1522,0,7f93081d45b26d09508aa8daa845c63afe5a501e6363c8de36a0bd9e5876c0c7,e3b0c44298fc1c149afbf4c8996fb92427ae41e4649b934ca495991b7852b855,logs/stage10-acceptance-43728.out;logs/stage10-acceptance-43728.err,
43736,build_and_release,build,"Build, test, and publish an immutable release",completed,successful_terminal_job_log,0:0_by_terminal_evidence,passed,not_applicable,,,,,,,,,,,,,,,,,86693,117144,4966144e0540b5b1196044f31e0f10d189d5a6ed4312a301d78fbb0bbc714dc4,2e926dcef08208e323467576547a4c8c9e7f32d9e51ca6a53834867c888502ec,logs/build-43736.out;logs/build-43736.err,
43737,web_service,service,Run the long-lived FastAPI and frontend service,cancelled,slurmd_cancellation_record,,passed_then_controlled_stop,not_applicable,,,,,,anode16,,,,,,2026-08-27T22:51:09.567,,,,,2132737,2164,ada4aff3cd84674db437bb373a26279f3f80fda83a142a009c7f218ef7ebff0b,d0040eea05aa7650328998e13a4ecc154c46069cb094dd75e14742bb4c8c0def,logs/service-43737.out;logs/service-43737.err,
43738,delivery_acceptance,stage10-acceptance,Run read-only delivery acceptance,completed,successful_terminal_job_log,0:0_by_terminal_evidence,passed,not_applicable,,,,,,,,,,,,,,,,,1522,0,2d21f62c995214ab24caab9016aad69b0a2cc80c9f273d6ff64d936c41980180,e3b0c44298fc1c149afbf4c8996fb92427ae41e4649b934ca495991b7852b855,logs/stage10-acceptance-43738.out;logs/stage10-acceptance-43738.err,
46049,vasp_calculation,vasp_relax,MoS2 RELAX calculation,completed,database_saved_scontrol_observation,0:0,passed,accepted,,MoS2,relax,2b4f3dbc-2eeb-4fb9-afcc-cdf335450701,P107-RTX5090,anode01,16,32G,1xRTX5090,2026-08-27 12:45:59.929740,2026-08-27T12:45:59+00:00,2026-08-27T12:46:44+00:00,0,45.0,43.88,2301936,,,,,data/workflows/2b4f3dbc-2eeb-4fb9-afcc-cdf335450701/attempts/5d835036-2690-4340-ac5d-f5c3ff6d207c,attempt=5d835036-2690-4340-ac5d-f5c3ff6d207c; release=b58cfe40be19fbd7543ca970a728aba89e69386b; runtime=runtime-time.txt
46050,vasp_calculation,vasp_scf,MoS2 SCF calculation,completed,database_saved_scontrol_observation,0:0,passed,accepted,,MoS2,scf,2b4f3dbc-2eeb-4fb9-afcc-cdf335450701,P107-RTX5090,anode01,16,32G,1xRTX5090,2026-08-27 12:46:50.833458,2026-08-27T12:46:51+00:00,2026-08-27T12:47:25+00:00,0.167,34.0,34.64,2363648,,,,,data/workflows/2b4f3dbc-2eeb-4fb9-afcc-cdf335450701/attempts/a53a721a-faa3-47b9-bea9-8c49e34472b1,attempt=a53a721a-faa3-47b9-bea9-8c49e34472b1; release=b58cfe40be19fbd7543ca970a728aba89e69386b; runtime=runtime-time.txt
46051,vasp_calculation,vasp_band,MoS2 BAND calculation,completed,database_saved_scontrol_observation,0:0,passed,accepted,,MoS2,band,2b4f3dbc-2eeb-4fb9-afcc-cdf335450701,P107-RTX5090,anode01,16,32G,1xRTX5090,2026-08-27 12:47:30.878459,2026-08-27T12:47:30+00:00,2026-08-27T12:48:18+00:00,0,48.0,47.53,2559648,,,,,data/workflows/2b4f3dbc-2eeb-4fb9-afcc-cdf335450701/attempts/da97dd7e-d961-4b75-a618-8749e324a117,attempt=da97dd7e-d961-4b75-a618-8749e324a117; release=b58cfe40be19fbd7543ca970a728aba89e69386b; runtime=runtime-time.txt
46052,vasp_calculation,vasp_dos,MoS2 DOS calculation,completed,database_saved_scontrol_observation,0:0,passed,accepted,,MoS2,dos,2b4f3dbc-2eeb-4fb9-afcc-cdf335450701,P107-RTX5090,anode01,16,32G,1xRTX5090,2026-08-27 12:48:21.939065,2026-08-27T12:48:22+00:00,2026-08-27T12:48:50+00:00,0.061,28.0,28.55,2414996,,,,,data/workflows/2b4f3dbc-2eeb-4fb9-afcc-cdf335450701/attempts/09acb0ec-8775-4430-897c-f82da61d81c9,attempt=09acb0ec-8775-4430-897c-f82da61d81c9; release=b58cfe40be19fbd7543ca970a728aba89e69386b; runtime=runtime-time.txt
46081,vasp_preflight,generic-vaspkit-preflight,Verify VASPKIT 103 POTCAR and 302 band-path generation,failed,terminal_job_log,nonzero_by_terminal_evidence,failed,not_applicable,,,,,,,,,,,,,,,,,1203,0,7c7ca0ed517110622c2f1c128205ce508d03264f4793df9c6176dbec008ff8ba,e3b0c44298fc1c149afbf4c8996fb92427ae41e4649b934ca495991b7852b855,logs/generic-vaspkit-preflight-46081.out;logs/generic-vaspkit-preflight-46081.err,preflight exposed incorrect rejection of VASPKIT recommended W_sv
46087,vasp_preflight,generic-vaspkit-preflight,Verify VASPKIT 103 POTCAR and 302 band-path generation,completed,successful_terminal_job_log,0:0,passed,not_applicable,,,,,P107-RTX5090,anode01,1,,,2026-08-27T22:03:25,2026-08-27T22:03:25,2026-08-27T22:08:25,0.0,1,,,3090,0,332a64598274e31b65524a08c62142a7fdcf41879b6dce4b313e509b73b2af1f,e3b0c44298fc1c149afbf4c8996fb92427ae41e4649b934ca495991b7852b855,logs/generic-vaspkit-preflight-46087.out;logs/generic-vaspkit-preflight-46087.err,
46090,vasp_preflight,generic-vaspkit-preflight,Verify VASPKIT 103 POTCAR and 302 band-path generation,completed,successful_terminal_job_log,0:0,passed,not_applicable,,,,,P107-RTX5090,anode01,1,,,2026-08-27T22:06:36,2026-08-27T22:06:37,2026-08-27T22:11:37,1.0,,,,3090,0,332a64598274e31b65524a08c62142a7fdcf41879b6dce4b313e509b73b2af1f,e3b0c44298fc1c149afbf4c8996fb92427ae41e4649b934ca495991b7852b855,logs/generic-vaspkit-preflight-46090.out;logs/generic-vaspkit-preflight-46090.err,
46092,test_and_diagnostic,generic-contract-tests,Run generic workflow contract tests,failed,terminal_job_log,nonzero_by_terminal_evidence,failed,not_applicable,,,,,,,,,,,,,,,,,0,76,e3b0c44298fc1c149afbf4c8996fb92427ae41e4649b934ca495991b7852b855,ef9e558325f81c6d7c3c71b2eeb3f7918b02f8d98df141e480e14f2620c84a46,logs/generic-contract-tests-46092.out;logs/generic-contract-tests-46092.err,"sbatch --wrap used /bin/sh, which rejected pipefail"
46093,test_and_diagnostic,generic-contract-tests,Run generic workflow contract tests,failed,terminal_job_log,nonzero_by_terminal_evidence,failed,not_applicable,,,,,,,,,,,,,,,,,0,39372,e3b0c44298fc1c149afbf4c8996fb92427ae41e4649b934ca495991b7852b855,1442989bcb1f20b8d78ee885a99be631afce19366c150b4e8d0246d21e6fc1c9,logs/generic-contract-tests-46093.out;logs/generic-contract-tests-46093.err,tests exposed missing 8 KiB bounds for VASPKIT 302 metadata
46096,test_and_diagnostic,generic-contract-tests,Run generic workflow contract tests,completed,successful_terminal_job_log,0:0_by_terminal_evidence,passed,not_applicable,,,,,,,,,,,,,,,,,0,29931,e3b0c44298fc1c149afbf4c8996fb92427ae41e4649b934ca495991b7852b855,bb109918e0742f1c73ee8d0ff618696e106834ecf2923d8b5ec512db4461559d,logs/generic-contract-tests-46096.out;logs/generic-contract-tests-46096.err,
46098,build_and_release,build,"Build, test, and publish an immutable release",failed,terminal_job_log,nonzero_by_terminal_evidence,failed,not_applicable,,,,,,,,,,,,,,,,,18271,171577,13812dc2a7002528d60c645eca541b67bff283092102d9070fa50d96c11737d8,e7856f47ac39255b2de946985bbddaaf82e86c737a19370ab8f0e1379bcc3497,logs/build-46098.out;logs/build-46098.err,generic workflow build tests failed before release publication
46103,test_and_diagnostic,generic-fix-tests,Run focused generic workflow fixes,completed,successful_terminal_job_log+project_evidence_document,0:0_by_terminal_evidence,passed,not_applicable,,,,,,,,,,,,,,17,,,0,22789,e3b0c44298fc1c149afbf4c8996fb92427ae41e4649b934ca495991b7852b855,b469c8d3ebbaca7c725e4574f465a2c0c8904d4e9e05ed5134fb9adc1cef8d6f,logs/generic-fix-tests-46103.out;logs/generic-fix-tests-46103.err,
46104,test_and_diagnostic,backend-full-fix,Run the full backend fix suite,completed,successful_terminal_job_log+project_evidence_document,0:0_by_terminal_evidence,passed,not_applicable,,,,,,,,,,,,,,37,,,0,119315,e3b0c44298fc1c149afbf4c8996fb92427ae41e4649b934ca495991b7852b855,5b7e950b5a087c3207405e635270e85de6346c1a69c3394374fb4014738dba23,logs/backend-full-fix-46104.out;logs/backend-full-fix-46104.err,
46105,build_and_release,build,"Build, test, and publish an immutable release",completed,successful_terminal_job_log+project_evidence_document,0:0_by_terminal_evidence,passed,not_applicable,,,,,,,,,,,,,,97,,,87389,120234,93c65add83742466f94a35a62d12a3f9dd0e4e6894d461c60c9c9fac3eefca76,a406726beed63edb54841079787b70f0af5ad226e4c7f4e085798b4b2f306253,logs/build-46105.out;logs/build-46105.err,
46107,web_service,service,Run the long-lived FastAPI and frontend service,cancelled,slurmd_cancellation_record,,passed_then_controlled_stop,not_applicable,,,,,,anode19,,,,,,2026-08-31T18:44:03.147,,,,,2354198,2528,abf38316559f1149d934d6ebf87470ea95509e2d55054993df6208dcecb7ccb5,19b763287acbd82226209821c50e6648b00f82d7f809c901e997eb20020d5be1,logs/service-46107.out;logs/service-46107.err,
46109,delivery_acceptance,stage10-acceptance,Run read-only delivery acceptance,completed,successful_terminal_job_log+project_evidence_document,0:0_by_terminal_evidence,passed,not_applicable,,,,,,,,,,,,,,41,,,1522,0,70958ef52e5bdcb568df33fa1e7957ddd025875fce20be6385876fa0d23f4793,e3b0c44298fc1c149afbf4c8996fb92427ae41e4649b934ca495991b7852b855,logs/stage10-acceptance-46109.out;logs/stage10-acceptance-46109.err,
46334,vasp_calculation,vasp_relax,WS2 RELAX calculation,completed,database_saved_scontrol_observation,0:0,passed,accepted,,WS2,relax,54244c69-cf99-4eb4-b535-6791559acc36,P107-RTX5090,anode01,16,32G,1xRTX5090,2026-08-28 01:31:22.034867,2026-08-28T01:31:22+00:00,2026-08-28T01:32:02+00:00,0,40.0,39.75,2337912,,,,,data/workflows/54244c69-cf99-4eb4-b535-6791559acc36/attempts/9bde9074-7c82-4a2f-b56f-9636f1d95f5a,attempt=9bde9074-7c82-4a2f-b56f-9636f1d95f5a; release=6012b2bbb976a534e4ca18e93bfe1eb0a4dc6aec; runtime=runtime-time.txt
46335,vasp_calculation,vasp_scf,WS2 SCF calculation,completed,database_saved_scontrol_observation,0:0,passed,accepted,,WS2,scf,54244c69-cf99-4eb4-b535-6791559acc36,P107-RTX5090,anode01,16,32G,1xRTX5090,2026-08-28 01:32:26.156449,2026-08-28T01:32:26+00:00,2026-08-28T01:33:03+00:00,0,37.0,36.25,2384696,,,,,data/workflows/54244c69-cf99-4eb4-b535-6791559acc36/attempts/d5395bd2-6cf8-4f40-965a-c78e470df9c8,attempt=d5395bd2-6cf8-4f40-965a-c78e470df9c8; release=6012b2bbb976a534e4ca18e93bfe1eb0a4dc6aec; runtime=runtime-time.txt
46336,vasp_calculation,vasp_band,WS2 BAND calculation,completed,database_saved_scontrol_observation,0:0,passed,accepted,,WS2,band,54244c69-cf99-4eb4-b535-6791559acc36,P107-RTX5090,anode01,16,32G,1xRTX5090,2026-08-28 01:33:07.292915,2026-08-28T01:33:08+00:00,2026-08-28T01:33:36+00:00,0.707,28.0,28.13,2453084,,,,,data/workflows/54244c69-cf99-4eb4-b535-6791559acc36/attempts/1771877b-3818-4f0c-9c31-94b74a32d092,attempt=1771877b-3818-4f0c-9c31-94b74a32d092; release=6012b2bbb976a534e4ca18e93bfe1eb0a4dc6aec; runtime=runtime-time.txt
46337,vasp_calculation,vasp_dos,WS2 DOS calculation,completed,database_saved_scontrol_observation,0:0,passed,accepted,,WS2,dos,54244c69-cf99-4eb4-b535-6791559acc36,P107-RTX5090,anode01,16,32G,1xRTX5090,2026-08-28 01:33:47.005304,2026-08-28T01:33:46+00:00,2026-08-28T01:34:17+00:00,0,31.0,30.36,2462184,,,,,data/workflows/54244c69-cf99-4eb4-b535-6791559acc36/attempts/c300f7fd-9d2c-4313-a6e3-d2e606b4e4d5,attempt=c300f7fd-9d2c-4313-a6e3-d2e606b4e4d5; release=6012b2bbb976a534e4ca18e93bfe1eb0a4dc6aec; runtime=runtime-time.txt
50263,access_and_roles,public-write-test,Verify the public Operator write-route allowlist,completed,successful_terminal_job_log,0:0_by_terminal_evidence,passed,not_applicable,,,,,,,,,,,,,,,,,30,23287,47ef178c7361ea0adf6e0f921b0092338423d46d6456215cde5a48dcb0d18a92,42146f5a8c0d9b72b6df752c95e8ecc97d3149f30162dbf10ca357ee809cf59d,logs/public-write-test-50263.out;logs/public-write-test-50263.err,
50517,build_and_release,build,"Build, test, and publish an immutable release",completed,successful_terminal_job_log,0:0_by_terminal_evidence,passed,not_applicable,,,,,,,,,,,,,,,,,87390,120622,681519bc3a891885b74458490b3c2e5ff9df91b330d054a0897e2d899162654b,638f05b3480bbd00a4252c4c50417082b5fa847caf2d0a06e57db9381e8f1381,logs/build-50517.out;logs/build-50517.err,
50521,web_service,service,Run the long-lived FastAPI and frontend service,cancelled,slurmd_cancellation_record,,passed_then_controlled_stop,not_applicable,,,,,,anode16,,,,,,2026-09-04T18:36:10.057,,,,,2270096,2430,95db116b166ec1d130ecf2c975a901e9a617b8f756ef4e08a30e762456760e95,b260d72a1fc0075e0fdeb28a1d3e3fdd0289598db433e990406f3d66a604de32,logs/service-50521.out;logs/service-50521.err,
50526,delivery_acceptance,stage10-acceptance,Run read-only delivery acceptance,completed,successful_terminal_job_log,0:0_by_terminal_evidence,passed,not_applicable,,,,,,,,,,,,,,,,,1522,0,a78300900be38033b991e65ce8bd07034970f121f03033298a93a2195f7c5e9a,e3b0c44298fc1c149afbf4c8996fb92427ae41e4649b934ca495991b7852b855,logs/stage10-acceptance-50526.out;logs/stage10-acceptance-50526.err,
50529,workflow_cancellation,cancel-unstarted,Validate cancellation before the first scheduler submission,failed,terminal_job_log,nonzero_by_terminal_evidence,failed,not_applicable,,,,,,,,,,,,,,,,,0,673,e3b0c44298fc1c149afbf4c8996fb92427ae41e4649b934ca495991b7852b855,cd75d9f41929b7af1194899c3c22012e4c196be4ad5986342139885372a157b1,logs/cancel-unstarted-50529.out;logs/cancel-unstarted-50529.err,cancellation wrapper omitted LMATELAB_FRONTEND_DIST
50530,workflow_cancellation,cancel-unstarted,Validate cancellation before the first scheduler submission,completed,successful_terminal_job_log,0:0_by_terminal_evidence,passed,not_applicable,,,,,,,,,,,,,,,,,151,0,1416f160a4a7641e6ed358b253d8c2d24acab8ade56b02d7936aea5fe607c732,e3b0c44298fc1c149afbf4c8996fb92427ae41e4649b934ca495991b7852b855,logs/cancel-unstarted-50530.out;logs/cancel-unstarted-50530.err,
50820,vasp_calculation,vasp_relax,BN RELAX calculation,completed,database_saved_scontrol_observation,0:0,passed,accepted,,BN,relax,3a84eadb-8fd1-4099-a3a8-3d443708a56c,P107-RTX5090,anode01,16,32G,1xRTX5090,2026-08-31 12:18:57.785188,2026-08-31T12:18:57+00:00,2026-08-31T12:19:34+00:00,0,37.0,35.82,2268040,,,,,data/workflows/3a84eadb-8fd1-4099-a3a8-3d443708a56c/attempts/a32cddf8-8d0a-4c4c-bd7d-0a00ba5cfc24,attempt=a32cddf8-8d0a-4c4c-bd7d-0a00ba5cfc24; release=c4f82c3d27a21932e2063a32910f1cdb960837f4; runtime=runtime-time.txt
50821,vasp_calculation,vasp_scf,BN SCF calculation,completed,database_saved_scontrol_observation,0:0,passed,accepted,,BN,scf,3a84eadb-8fd1-4099-a3a8-3d443708a56c,P107-RTX5090,anode01,16,32G,1xRTX5090,2026-08-31 12:19:47.884927,2026-08-31T12:19:47+00:00,2026-08-31T12:20:21+00:00,0,34.0,33.64,2309452,,,,,data/workflows/3a84eadb-8fd1-4099-a3a8-3d443708a56c/attempts/2fee6c84-0d5f-4b03-9686-5f89c9ce69d7,attempt=2fee6c84-0d5f-4b03-9686-5f89c9ce69d7; release=c4f82c3d27a21932e2063a32910f1cdb960837f4; runtime=runtime-time.txt
50823,vasp_calculation,vasp_band,BN BAND calculation,completed,database_saved_scontrol_observation,0:0,passed,accepted,,BN,band,3a84eadb-8fd1-4099-a3a8-3d443708a56c,P107-RTX5090,anode01,16,32G,1xRTX5090,2026-08-31 12:20:31.451109,2026-08-31T12:20:33+00:00,2026-08-31T12:20:46+00:00,1.549,13.0,11.78,2275584,,,,,data/workflows/3a84eadb-8fd1-4099-a3a8-3d443708a56c/attempts/25070074-e4c4-4d40-9e41-d8768cc1fb28,attempt=25070074-e4c4-4d40-9e41-d8768cc1fb28; release=c4f82c3d27a21932e2063a32910f1cdb960837f4; runtime=runtime-time.txt
50824,vasp_calculation,vasp_dos,BN DOS calculation,completed,database_saved_scontrol_observation,0:0,passed,accepted,,BN,dos,3a84eadb-8fd1-4099-a3a8-3d443708a56c,P107-RTX5090,anode01,16,32G,1xRTX5090,2026-08-31 12:20:51.134305,2026-08-31T12:20:51+00:00,2026-08-31T12:21:18+00:00,0,27.0,25.69,2355992,,,,,data/workflows/3a84eadb-8fd1-4099-a3a8-3d443708a56c/attempts/086bd656-a1a3-4fdf-814b-6995f238b304,attempt=086bd656-a1a3-4fdf-814b-6995f238b304; release=c4f82c3d27a21932e2063a32910f1cdb960837f4; runtime=runtime-time.txt
54176,web_service,service,Run the long-lived FastAPI and frontend service,running,live_scontrol_2026-09-05T10:56:22+08:00,,healthy_running,not_applicable,,,,,P107-A100,anode18,2,8G,0,2026-09-05T10:56:02+08:00,2026-09-05T10:56:02+08:00,,0,running_at_snapshot,,,3608,2366,14fda85807ec8aecbbc74994e1aad14fab683711778553b3d76ae40f0a59ae5b,dd150b849619ee3ba65beda9ec10b376bbb21929e5de458ef9b48a562fa2c89f,logs/service-54176.out;logs/service-54176.err,Automatic service recovery submission; healthy at the audit snapshot
